run_id,run_attempt,workflow,job,kind,step,conclusion,created_at,started_at,completed_at,duration_seconds,created_to_start_seconds
36994301678,1,Release,Plan release candidate,job,,success,2026-10-02T10:13:47Z,2026-10-02T10:13:49Z,2026-10-02T10:13:59Z,10.0,2.0
36994301678,1,Release,Plan release candidate,step,Set up job,success,,2026-10-02T10:13:50Z,2026-10-02T10:13:51Z,1.0,
36994301678,1,Release,Plan release candidate,step,Run actions/checkout@v7,success,,2026-10-02T10:13:51Z,2026-10-02T10:13:55Z,4.0,
36994301678,1,Release,Plan release candidate,step,Run actions/setup-node@v7,success,,2026-10-02T10:13:55Z,2026-10-02T10:13:55Z,0,
36994301678,1,Release,Plan release candidate,step,Validate release intent and version authority,success,,2026-10-02T10:13:55Z,2026-10-02T10:13:56Z,1.0,
36994301678,1,Release,Plan release candidate,step,Select trusted desktop verifier without changing product source,success,,2026-10-02T10:13:56Z,2026-10-02T10:13:56Z,0,
36994301678,1,Release,Plan release candidate,step,Generate release notes,success,,2026-10-02T10:13:56Z,2026-10-02T10:13:57Z,1.0,
36994301678,1,Release,Plan release candidate,step,Preserve release notes for gated publication,success,,2026-10-02T10:13:57Z,2026-10-02T10:13:57Z,0,
36994301678,1,Release,Plan release candidate,step,Post Run actions/setup-node@v7,success,,2026-10-02T10:13:57Z,2026-10-02T10:13:57Z,0,
36994301678,1,Release,Plan release candidate,step,Post Run actions/checkout@v7,success,,2026-10-02T10:13:57Z,2026-10-02T10:13:58Z,1.0,
36994301678,1,Release,Plan release candidate,step,Complete job,success,,2026-10-02T10:13:58Z,2026-10-02T10:13:58Z,0,
36994301678,1,Release,rehearse-desktop,job,,skipped,2026-10-02T10:13:47Z,2026-10-02T10:13:47Z,2026-10-02T10:13:47Z,0,0
36994301678,1,Release,Verify npm OIDC without publishing,job,,skipped,2026-10-02T10:13:47Z,2026-10-02T10:13:47Z,2026-10-02T10:13:47Z,0,0
36994301678,1,Release,benchmark-cli,job,,skipped,2026-10-02T10:13:47Z,2026-10-02T10:13:47Z,2026-10-02T10:13:47Z,0,0
36994301678,1,Release,replay-desktop,job,,skipped,2026-10-02T10:13:47Z,2026-10-02T10:13:47Z,2026-10-02T10:13:47Z,0,0
36994301678,1,Release,Publish existing stable npm assets,job,,skipped,2026-10-02T10:13:54Z,2026-10-02T10:13:54Z,2026-10-02T10:13:47Z,0,0
36994301678,1,Release,Build shared CLI inputs,job,,success,2026-10-02T10:13:59Z,2026-10-02T10:14:02Z,2026-10-02T10:16:16Z,134.0,3.0
36994301678,1,Release,Build shared CLI inputs,step,Set up job,success,,2026-10-02T10:14:03Z,2026-10-02T10:14:05Z,2.0,
36994301678,1,Release,Build shared CLI inputs,step,Run actions/checkout@v7,success,,2026-10-02T10:14:05Z,2026-10-02T10:14:07Z,2.0,
36994301678,1,Release,Build shared CLI inputs,step,Run pnpm/action-setup@v6,success,,2026-10-02T10:14:07Z,2026-10-02T10:14:11Z,4.0,
36994301678,1,Release,Build shared CLI inputs,step,Run actions/setup-node@v7,success,,2026-10-02T10:14:11Z,2026-10-02T10:14:17Z,6.0,
36994301678,1,Release,Build shared CLI inputs,step,Run pnpm install --frozen-lockfile --filter='!@traderalice/desktop',success,,2026-10-02T10:14:17Z,2026-10-02T10:14:33Z,16.0,
36994301678,1,Release,Build shared CLI inputs,step,Run pnpm build:server,success,,2026-10-02T10:14:33Z,2026-10-02T10:16:07Z,94.0,
36994301678,1,Release,Build shared CLI inputs,step,Record commit-bound platform-neutral inputs,success,,2026-10-02T10:16:07Z,2026-10-02T10:16:07Z,0,
36994301678,1,Release,Build shared CLI inputs,step,Run actions/upload-artifact@v4,success,,2026-10-02T10:16:07Z,2026-10-02T10:16:10Z,3.0,
36994301678,1,Release,Build shared CLI inputs,step,Post Run actions/setup-node@v7,success,,2026-10-02T10:16:10Z,2026-10-02T10:16:14Z,4.0,
36994301678,1,Release,Build shared CLI inputs,step,Post Run pnpm/action-setup@v6,success,,2026-10-02T10:16:14Z,2026-10-02T10:16:14Z,0,
36994301678,1,Release,Build shared CLI inputs,step,Post Run actions/checkout@v7,success,,2026-10-02T10:16:14Z,2026-10-02T10:16:14Z,0,
36994301678,1,Release,Build shared CLI inputs,step,Complete job,success,,2026-10-02T10:16:14Z,2026-10-02T10:16:14Z,0,
36994301678,1,Release,Accept CLI installer candidate,job,,success,2026-10-02T10:13:59Z,2026-10-02T10:14:02Z,2026-10-02T10:14:47Z,45.0,3.0
36994301678,1,Release,Accept CLI installer candidate,step,Set up job,success,,2026-10-02T10:14:03Z,2026-10-02T10:14:04Z,1.0,
36994301678,1,Release,Accept CLI installer candidate,step,Run actions/checkout@v7,success,,2026-10-02T10:14:04Z,2026-10-02T10:14:06Z,2.0,
36994301678,1,Release,Accept CLI installer candidate,step,Run pnpm/action-setup@v6,success,,2026-10-02T10:14:06Z,2026-10-02T10:14:11Z,5.0,
36994301678,1,Release,Accept CLI installer candidate,step,Run actions/setup-node@v7,success,,2026-10-02T10:14:11Z,2026-10-02T10:14:16Z,5.0,
36994301678,1,Release,Accept CLI installer candidate,step,Run pnpm install --frozen-lockfile --filter @traderalice/openalice-cli,success,,2026-10-02T10:14:16Z,2026-10-02T10:14:31Z,15.0,
36994301678,1,Release,Accept CLI installer candidate,step,Exercise candidate installer in a clean HTTP fixture,success,,2026-10-02T10:14:31Z,2026-10-02T10:14:41Z,10.0,
36994301678,1,Release,Accept CLI installer candidate,step,Build trusted local UI for Web relay,skipped,,2026-10-02T10:14:41Z,2026-10-02T10:14:41Z,0,
36994301678,1,Release,Accept CLI installer candidate,step,Exercise candidate installer through managed SSH remote,skipped,,2026-10-02T10:14:41Z,2026-10-02T10:14:41Z,0,
36994301678,1,Release,Accept CLI installer candidate,step,Post Run actions/setup-node@v7,success,,2026-10-02T10:14:41Z,2026-10-02T10:14:45Z,4.0,
36994301678,1,Release,Accept CLI installer candidate,step,Post Run pnpm/action-setup@v6,success,,2026-10-02T10:14:45Z,2026-10-02T10:14:45Z,0,
36994301678,1,Release,Accept CLI installer candidate,step,Post Run actions/checkout@v7,success,,2026-10-02T10:14:45Z,2026-10-02T10:14:45Z,0,
36994301678,1,Release,Accept CLI installer candidate,step,Complete job,success,,2026-10-02T10:14:45Z,2026-10-02T10:14:45Z,0,
36994301678,1,Release,Build channel-neutral CLI installer snapshot,job,,success,2026-10-02T10:13:59Z,2026-10-02T10:14:02Z,2026-10-02T10:14:10Z,8.0,3.0
36994301678,1,Release,Build channel-neutral CLI installer snapshot,step,Set up job,success,,2026-10-02T10:14:03Z,2026-10-02T10:14:03Z,0,
36994301678,1,Release,Build channel-neutral CLI installer snapshot,step,Run actions/checkout@v7,success,,2026-10-02T10:14:03Z,2026-10-02T10:14:06Z,3.0,
36994301678,1,Release,Build channel-neutral CLI installer snapshot,step,Freeze and verify the accepted installer bytes,success,,2026-10-02T10:14:06Z,2026-10-02T10:14:06Z,0,
36994301678,1,Release,Build channel-neutral CLI installer snapshot,step,Preserve immutable installer candidate,success,,2026-10-02T10:14:06Z,2026-10-02T10:14:07Z,1.0,
36994301678,1,Release,Build channel-neutral CLI installer snapshot,step,Post Run actions/checkout@v7,success,,2026-10-02T10:14:07Z,2026-10-02T10:14:07Z,0,
36994301678,1,Release,Build channel-neutral CLI installer snapshot,step,Complete job,success,,2026-10-02T10:14:07Z,2026-10-02T10:14:07Z,0,
36994301678,1,Release,"Build Broker Packs (macos-15-intel, x64)",job,,success,2026-10-02T10:13:59Z,2026-10-02T10:14:04Z,2026-10-02T10:21:29Z,445.0,5.0
36994301678,1,Release,"Build Broker Packs (macos-15-intel, x64)",step,Set up job,success,,2026-10-02T10:14:06Z,2026-10-02T10:14:09Z,3.0,
36994301678,1,Release,"Build Broker Packs (macos-15-intel, x64)",step,Run actions/checkout@v7,success,,2026-10-02T10:14:09Z,2026-10-02T10:14:16Z,7.0,
36994301678,1,Release,"Build Broker Packs (macos-15-intel, x64)",step,Run pnpm/action-setup@v6,success,,2026-10-02T10:14:16Z,2026-10-02T10:14:33Z,17.0,
36994301678,1,Release,"Build Broker Packs (macos-15-intel, x64)",step,Run actions/setup-node@v7,success,,2026-10-02T10:14:33Z,2026-10-02T10:14:37Z,4.0,
36994301678,1,Release,"Build Broker Packs (macos-15-intel, x64)",step,Install dependencies,success,,2026-10-02T10:14:37Z,2026-10-02T10:16:29Z,112.0,
36994301678,1,Release,"Build Broker Packs (macos-15-intel, x64)",step,Run oven-sh/setup-bun@v2,success,,2026-10-02T10:16:29Z,2026-10-02T10:16:31Z,2.0,
36994301678,1,Release,"Build Broker Packs (macos-15-intel, x64)",step,Build optional Broker Packs,success,,2026-10-02T10:16:31Z,2026-10-02T10:19:31Z,180.0,
36994301678,1,Release,"Build Broker Packs (macos-15-intel, x64)",step,Verify Broker Packs in compiled runtime,success,,2026-10-02T10:19:31Z,2026-10-02T10:20:52Z,81.0,
36994301678,1,Release,"Build Broker Packs (macos-15-intel, x64)",step,Prove previous-release Broker Pack upgrade,skipped,,2026-10-02T10:20:52Z,2026-10-02T10:20:52Z,0,
36994301678,1,Release,"Build Broker Packs (macos-15-intel, x64)",step,Preserve Broker Packs,success,,2026-10-02T10:20:52Z,2026-10-02T10:20:57Z,5.0,
36994301678,1,Release,"Build Broker Packs (macos-15-intel, x64)",step,Post Run oven-sh/setup-bun@v2,success,,2026-10-02T10:20:57Z,2026-10-02T10:20:59Z,2.0,
36994301678,1,Release,"Build Broker Packs (macos-15-intel, x64)",step,Post Run actions/setup-node@v7,success,,2026-10-02T10:20:59Z,2026-10-02T10:21:25Z,26.0,
36994301678,1,Release,"Build Broker Packs (macos-15-intel, x64)",step,Post Run pnpm/action-setup@v6,success,,2026-10-02T10:21:25Z,2026-10-02T10:21:26Z,1.0,
36994301678,1,Release,"Build Broker Packs (macos-15-intel, x64)",step,Post Run actions/checkout@v7,success,,2026-10-02T10:21:26Z,2026-10-02T10:21:27Z,1.0,
36994301678,1,Release,"Build Broker Packs (macos-15-intel, x64)",step,Complete job,success,,2026-10-02T10:21:27Z,2026-10-02T10:21:27Z,0,
36994301678,1,Release,"Build Broker Packs (ubuntu-24.04-arm, arm64)",job,,success,2026-10-02T10:13:59Z,2026-10-02T10:14:06Z,2026-10-02T10:15:59Z,113.0,7.0
36994301678,1,Release,"Build Broker Packs (ubuntu-24.04-arm, arm64)",step,Set up job,success,,2026-10-02T10:14:07Z,2026-10-02T10:14:09Z,2.0,
36994301678,1,Release,"Build Broker Packs (ubuntu-24.04-arm, arm64)",step,Run actions/checkout@v7,success,,2026-10-02T10:14:09Z,2026-10-02T10:14:12Z,3.0,
36994301678,1,Release,"Build Broker Packs (ubuntu-24.04-arm, arm64)",step,Run pnpm/action-setup@v6,success,,2026-10-02T10:14:12Z,2026-10-02T10:14:19Z,7.0,
36994301678,1,Release,"Build Broker Packs (ubuntu-24.04-arm, arm64)",step,Run actions/setup-node@v7,success,,2026-10-02T10:14:19Z,2026-10-02T10:14:23Z,4.0,
36994301678,1,Release,"Build Broker Packs (ubuntu-24.04-arm, arm64)",step,Install dependencies,success,,2026-10-02T10:14:23Z,2026-10-02T10:14:44Z,21.0,
36994301678,1,Release,"Build Broker Packs (ubuntu-24.04-arm, arm64)",step,Run oven-sh/setup-bun@v2,success,,2026-10-02T10:14:44Z,2026-10-02T10:14:46Z,2.0,
36994301678,1,Release,"Build Broker Packs (ubuntu-24.04-arm, arm64)",step,Build optional Broker Packs,success,,2026-10-02T10:14:46Z,2026-10-02T10:15:33Z,47.0,
36994301678,1,Release,"Build Broker Packs (ubuntu-24.04-arm, arm64)",step,Verify Broker Packs in compiled runtime,success,,2026-10-02T10:15:33Z,2026-10-02T10:15:46Z,13.0,
36994301678,1,Release,"Build Broker Packs (ubuntu-24.04-arm, arm64)",step,Prove previous-release Broker Pack upgrade,skipped,,2026-10-02T10:15:46Z,2026-10-02T10:15:46Z,0,
36994301678,1,Release,"Build Broker Packs (ubuntu-24.04-arm, arm64)",step,Preserve Broker Packs,success,,2026-10-02T10:15:46Z,2026-10-02T10:15:49Z,3.0,
36994301678,1,Release,"Build Broker Packs (ubuntu-24.04-arm, arm64)",step,Post Run oven-sh/setup-bun@v2,success,,2026-10-02T10:15:49Z,2026-10-02T10:15:51Z,2.0,
36994301678,1,Release,"Build Broker Packs (ubuntu-24.04-arm, arm64)",step,Post Run actions/setup-node@v7,success,,2026-10-02T10:15:51Z,2026-10-02T10:15:56Z,5.0,
36994301678,1,Release,"Build Broker Packs (ubuntu-24.04-arm, arm64)",step,Post Run pnpm/action-setup@v6,success,,2026-10-02T10:15:56Z,2026-10-02T10:15:56Z,0,
36994301678,1,Release,"Build Broker Packs (ubuntu-24.04-arm, arm64)",step,Post Run actions/checkout@v7,success,,2026-10-02T10:15:56Z,2026-10-02T10:15:57Z,1.0,
36994301678,1,Release,"Build Broker Packs (ubuntu-24.04-arm, arm64)",step,Complete job,success,,2026-10-02T10:15:57Z,2026-10-02T10:15:57Z,0,
36994301678,1,Release,"Build Broker Packs (macos-14, arm64)",job,,success,2026-10-02T10:13:59Z,2026-10-02T10:14:08Z,2026-10-02T10:16:42Z,154.0,9.0
36994301678,1,Release,"Build Broker Packs (macos-14, arm64)",step,Set up job,success,,2026-10-02T10:14:08Z,2026-10-02T10:14:11Z,3.0,
36994301678,1,Release,"Build Broker Packs (macos-14, arm64)",step,Run actions/checkout@v7,success,,2026-10-02T10:14:11Z,2026-10-02T10:14:14Z,3.0,
36994301678,1,Release,"Build Broker Packs (macos-14, arm64)",step,Run pnpm/action-setup@v6,success,,2026-10-02T10:14:14Z,2026-10-02T10:14:18Z,4.0,
36994301678,1,Release,"Build Broker Packs (macos-14, arm64)",step,Run actions/setup-node@v7,success,,2026-10-02T10:14:18Z,2026-10-02T10:14:19Z,1.0,
36994301678,1,Release,"Build Broker Packs (macos-14, arm64)",step,Install dependencies,success,,2026-10-02T10:14:19Z,2026-10-02T10:14:46Z,27.0,
36994301678,1,Release,"Build Broker Packs (macos-14, arm64)",step,Run oven-sh/setup-bun@v2,success,,2026-10-02T10:14:46Z,2026-10-02T10:14:48Z,2.0,
36994301678,1,Release,"Build Broker Packs (macos-14, arm64)",step,Build optional Broker Packs,success,,2026-10-02T10:14:48Z,2026-10-02T10:15:48Z,60.0,
36994301678,1,Release,"Build Broker Packs (macos-14, arm64)",step,Verify Broker Packs in compiled runtime,success,,2026-10-02T10:15:48Z,2026-10-02T10:16:07Z,19.0,
36994301678,1,Release,"Build Broker Packs (macos-14, arm64)",step,Prove previous-release Broker Pack upgrade,skipped,,2026-10-02T10:16:07Z,2026-10-02T10:16:07Z,0,
36994301678,1,Release,"Build Broker Packs (macos-14, arm64)",step,Preserve Broker Packs,success,,2026-10-02T10:16:07Z,2026-10-02T10:16:09Z,2.0,
36994301678,1,Release,"Build Broker Packs (macos-14, arm64)",step,Post Run oven-sh/setup-bun@v2,success,,2026-10-02T10:16:09Z,2026-10-02T10:16:10Z,1.0,
36994301678,1,Release,"Build Broker Packs (macos-14, arm64)",step,Post Run actions/setup-node@v7,success,,2026-10-02T10:16:10Z,2026-10-02T10:16:39Z,29.0,
36994301678,1,Release,"Build Broker Packs (macos-14, arm64)",step,Post Run pnpm/action-setup@v6,success,,2026-10-02T10:16:39Z,2026-10-02T10:16:39Z,0,
36994301678,1,Release,"Build Broker Packs (macos-14, arm64)",step,Post Run actions/checkout@v7,success,,2026-10-02T10:16:39Z,2026-10-02T10:16:39Z,0,
36994301678,1,Release,"Build Broker Packs (macos-14, arm64)",step,Complete job,success,,2026-10-02T10:16:39Z,2026-10-02T10:16:40Z,1.0,
36994301678,1,Release,"Build Broker Packs (ubuntu-latest, x64)",job,,success,2026-10-02T10:13:59Z,2026-10-02T10:14:03Z,2026-10-02T10:16:04Z,121.0,4.0
36994301678,1,Release,"Build Broker Packs (ubuntu-latest, x64)",step,Set up job,success,,2026-10-02T10:14:04Z,2026-10-02T10:14:05Z,1.0,
36994301678,1,Release,"Build Broker Packs (ubuntu-latest, x64)",step,Run actions/checkout@v7,success,,2026-10-02T10:14:05Z,2026-10-02T10:14:07Z,2.0,
36994301678,1,Release,"Build Broker Packs (ubuntu-latest, x64)",step,Run pnpm/action-setup@v6,success,,2026-10-02T10:14:07Z,2026-10-02T10:14:12Z,5.0,
36994301678,1,Release,"Build Broker Packs (ubuntu-latest, x64)",step,Run actions/setup-node@v7,success,,2026-10-02T10:14:12Z,2026-10-02T10:14:13Z,1.0,
36994301678,1,Release,"Build Broker Packs (ubuntu-latest, x64)",step,Install dependencies,success,,2026-10-02T10:14:13Z,2026-10-02T10:14:34Z,21.0,
36994301678,1,Release,"Build Broker Packs (ubuntu-latest, x64)",step,Run oven-sh/setup-bun@v2,success,,2026-10-02T10:14:34Z,2026-10-02T10:14:35Z,1.0,
36994301678,1,Release,"Build Broker Packs (ubuntu-latest, x64)",step,Build optional Broker Packs,success,,2026-10-02T10:14:35Z,2026-10-02T10:15:35Z,60.0,
36994301678,1,Release,"Build Broker Packs (ubuntu-latest, x64)",step,Verify Broker Packs in compiled runtime,success,,2026-10-02T10:15:35Z,2026-10-02T10:15:54Z,19.0,
36994301678,1,Release,"Build Broker Packs (ubuntu-latest, x64)",step,Prove previous-release Broker Pack upgrade,skipped,,2026-10-02T10:15:54Z,2026-10-02T10:15:54Z,0,
36994301678,1,Release,"Build Broker Packs (ubuntu-latest, x64)",step,Preserve Broker Packs,success,,2026-10-02T10:15:54Z,2026-10-02T10:15:56Z,2.0,
36994301678,1,Release,"Build Broker Packs (ubuntu-latest, x64)",step,Post Run oven-sh/setup-bun@v2,success,,2026-10-02T10:15:56Z,2026-10-02T10:15:57Z,1.0,
36994301678,1,Release,"Build Broker Packs (ubuntu-latest, x64)",step,Post Run actions/setup-node@v7,success,,2026-10-02T10:15:57Z,2026-10-02T10:16:02Z,5.0,
36994301678,1,Release,"Build Broker Packs (ubuntu-latest, x64)",step,Post Run pnpm/action-setup@v6,success,,2026-10-02T10:16:02Z,2026-10-02T10:16:02Z,0,
36994301678,1,Release,"Build Broker Packs (ubuntu-latest, x64)",step,Post Run actions/checkout@v7,success,,2026-10-02T10:16:02Z,2026-10-02T10:16:02Z,0,
36994301678,1,Release,"Build Broker Packs (ubuntu-latest, x64)",step,Complete job,success,,2026-10-02T10:16:02Z,2026-10-02T10:16:02Z,0,
36994301678,1,Release,"Build Broker Packs (windows-latest, x64)",job,,success,2026-10-02T10:13:59Z,2026-10-02T10:14:03Z,2026-10-02T10:28:36Z,873.0,4.0
36994301678,1,Release,"Build Broker Packs (windows-latest, x64)",step,Set up job,success,,2026-10-02T10:14:03Z,2026-10-02T10:14:05Z,2.0,
36994301678,1,Release,"Build Broker Packs (windows-latest, x64)",step,Run actions/checkout@v7,success,,2026-10-02T10:14:05Z,2026-10-02T10:14:13Z,8.0,
36994301678,1,Release,"Build Broker Packs (windows-latest, x64)",step,Run pnpm/action-setup@v6,success,,2026-10-02T10:14:13Z,2026-10-02T10:14:49Z,36.0,
36994301678,1,Release,"Build Broker Packs (windows-latest, x64)",step,Run actions/setup-node@v7,success,,2026-10-02T10:14:49Z,2026-10-02T10:15:00Z,11.0,
36994301678,1,Release,"Build Broker Packs (windows-latest, x64)",step,Install dependencies,success,,2026-10-02T10:15:00Z,2026-10-02T10:15:35Z,35.0,
36994301678,1,Release,"Build Broker Packs (windows-latest, x64)",step,Run oven-sh/setup-bun@v2,success,,2026-10-02T10:15:35Z,2026-10-02T10:15:38Z,3.0,
36994301678,1,Release,"Build Broker Packs (windows-latest, x64)",step,Build optional Broker Packs,success,,2026-10-02T10:15:38Z,2026-10-02T10:25:02Z,564.0,
36994301678,1,Release,"Build Broker Packs (windows-latest, x64)",step,Verify Broker Packs in compiled runtime,success,,2026-10-02T10:25:02Z,2026-10-02T10:28:10Z,188.0,
36994301678,1,Release,"Build Broker Packs (windows-latest, x64)",step,Prove previous-release Broker Pack upgrade,skipped,,2026-10-02T10:28:10Z,2026-10-02T10:28:10Z,0,
36994301678,1,Release,"Build Broker Packs (windows-latest, x64)",step,Preserve Broker Packs,success,,2026-10-02T10:28:10Z,2026-10-02T10:28:12Z,2.0,
36994301678,1,Release,"Build Broker Packs (windows-latest, x64)",step,Post Run oven-sh/setup-bun@v2,success,,2026-10-02T10:28:12Z,2026-10-02T10:28:14Z,2.0,
36994301678,1,Release,"Build Broker Packs (windows-latest, x64)",step,Post Run actions/setup-node@v7,success,,2026-10-02T10:28:14Z,2026-10-02T10:28:31Z,17.0,
36994301678,1,Release,"Build Broker Packs (windows-latest, x64)",step,Post Run pnpm/action-setup@v6,success,,2026-10-02T10:28:31Z,2026-10-02T10:28:31Z,0,
36994301678,1,Release,"Build Broker Packs (windows-latest, x64)",step,Post Run actions/checkout@v7,success,,2026-10-02T10:28:31Z,2026-10-02T10:28:35Z,4.0,
36994301678,1,Release,"Build Broker Packs (windows-latest, x64)",step,Complete job,success,,2026-10-02T10:28:35Z,2026-10-02T10:28:35Z,0,
36994301678,1,Release,"build-desktop (macos-15-intel, x64) / build",job,,failure,2026-10-02T10:13:59Z,2026-10-02T10:14:05Z,2026-10-02T10:27:32Z,807.0,6.0
36994301678,1,Release,"build-desktop (macos-15-intel, x64) / build",step,Set up job,success,,2026-10-02T10:14:05Z,2026-10-02T10:14:07Z,2.0,
36994301678,1,Release,"build-desktop (macos-15-intel, x64) / build",step,Run actions/checkout@v7,success,,2026-10-02T10:14:07Z,2026-10-02T10:14:13Z,6.0,
36994301678,1,Release,"build-desktop (macos-15-intel, x64) / build",step,Run pnpm/action-setup@v6,success,,2026-10-02T10:14:13Z,2026-10-02T10:14:25Z,12.0,
36994301678,1,Release,"build-desktop (macos-15-intel, x64) / build",step,Run actions/setup-node@v7,success,,2026-10-02T10:14:25Z,2026-10-02T10:14:30Z,5.0,
36994301678,1,Release,"build-desktop (macos-15-intel, x64) / build",step,Install dependencies,success,,2026-10-02T10:14:30Z,2026-10-02T10:16:05Z,95.0,
36994301678,1,Release,"build-desktop (macos-15-intel, x64) / build",step,Verify bundled git (dugite) was fetched,success,,2026-10-02T10:16:05Z,2026-10-02T10:16:05Z,0,
36994301678,1,Release,"build-desktop (macos-15-intel, x64) / build",step,Build Alice + UTA + desktop shell,success,,2026-10-02T10:16:05Z,2026-10-02T10:18:55Z,170.0,
36994301678,1,Release,"build-desktop (macos-15-intel, x64) / build",step,Vendor managed workspace runtime,success,,2026-10-02T10:18:55Z,2026-10-02T10:19:19Z,24.0,
36994301678,1,Release,"build-desktop (macos-15-intel, x64) / build",step,Write Apple notarization API key,success,,2026-10-02T10:19:19Z,2026-10-02T10:19:19Z,0,
36994301678,1,Release,"build-desktop (macos-15-intel, x64) / build",step,Package macOS installer,failure,,2026-10-02T10:19:19Z,2026-10-02T10:27:26Z,487.0,
36994301678,1,Release,"build-desktop (macos-15-intel, x64) / build",step,Package unsigned macOS rehearsal,skipped,,2026-10-02T10:27:26Z,2026-10-02T10:27:26Z,0,
36994301678,1,Release,"build-desktop (macos-15-intel, x64) / build",step,Package Windows installer,skipped,,2026-10-02T10:27:26Z,2026-10-02T10:27:26Z,0,
36994301678,1,Release,"build-desktop (macos-15-intel, x64) / build",step,Prove release candidate Workspace CLI acceptance,skipped,,2026-10-02T10:27:26Z,2026-10-02T10:27:26Z,0,
36994301678,1,Release,"build-desktop (macos-15-intel, x64) / build",step,Preserve release acceptance receipt,success,,2026-10-02T10:27:26Z,2026-10-02T10:27:28Z,2.0,
36994301678,1,Release,"build-desktop (macos-15-intel, x64) / build",step,Prepare update channel aliases,skipped,,2026-10-02T10:27:28Z,2026-10-02T10:27:28Z,0,
36994301678,1,Release,"build-desktop (macos-15-intel, x64) / build",step,Verify candidate update metadata and referenced bytes,skipped,,2026-10-02T10:27:28Z,2026-10-02T10:27:28Z,0,
36994301678,1,Release,"build-desktop (macos-15-intel, x64) / build",step,Record desktop candidate identity,skipped,,2026-10-02T10:27:28Z,2026-10-02T10:27:28Z,0,
36994301678,1,Release,"build-desktop (macos-15-intel, x64) / build",step,Preserve desktop release candidate,skipped,,2026-10-02T10:27:28Z,2026-10-02T10:27:28Z,0,
36994301678,1,Release,"build-desktop (macos-15-intel, x64) / build",step,Post Run actions/setup-node@v7,skipped,,2026-10-02T10:27:28Z,2026-10-02T10:27:28Z,0,
36994301678,1,Release,"build-desktop (macos-15-intel, x64) / build",step,Post Run pnpm/action-setup@v6,success,,2026-10-02T10:27:28Z,2026-10-02T10:27:29Z,1.0,
36994301678,1,Release,"build-desktop (macos-15-intel, x64) / build",step,Post Run actions/checkout@v7,success,,2026-10-02T10:27:29Z,2026-10-02T10:27:30Z,1.0,
36994301678,1,Release,"build-desktop (macos-15-intel, x64) / build",step,Complete job,success,,2026-10-02T10:27:30Z,2026-10-02T10:27:31Z,1.0,
36994301678,1,Release,"build-desktop (windows-latest, x64) / build",job,,success,2026-10-02T10:13:59Z,2026-10-02T10:14:02Z,2026-10-02T10:24:08Z,606.0,3.0
36994301678,1,Release,"build-desktop (windows-latest, x64) / build",step,Set up job,success,,2026-10-02T10:14:03Z,2026-10-02T10:14:05Z,2.0,
36994301678,1,Release,"build-desktop (windows-latest, x64) / build",step,Run actions/checkout@v7,success,,2026-10-02T10:14:05Z,2026-10-02T10:14:11Z,6.0,
36994301678,1,Release,"build-desktop (windows-latest, x64) / build",step,Run pnpm/action-setup@v6,success,,2026-10-02T10:14:11Z,2026-10-02T10:14:34Z,23.0,
36994301678,1,Release,"build-desktop (windows-latest, x64) / build",step,Run actions/setup-node@v7,success,,2026-10-02T10:14:34Z,2026-10-02T10:14:41Z,7.0,
36994301678,1,Release,"build-desktop (windows-latest, x64) / build",step,Install dependencies,success,,2026-10-02T10:14:41Z,2026-10-02T10:15:16Z,35.0,
36994301678,1,Release,"build-desktop (windows-latest, x64) / build",step,Verify bundled git (dugite) was fetched,skipped,,2026-10-02T10:15:16Z,2026-10-02T10:15:16Z,0,
36994301678,1,Release,"build-desktop (windows-latest, x64) / build",step,Build Alice + UTA + desktop shell,success,,2026-10-02T10:15:16Z,2026-10-02T10:17:25Z,129.0,
36994301678,1,Release,"build-desktop (windows-latest, x64) / build",step,Vendor managed workspace runtime,success,,2026-10-02T10:17:25Z,2026-10-02T10:17:57Z,32.0,
36994301678,1,Release,"build-desktop (windows-latest, x64) / build",step,Write Apple notarization API key,skipped,,2026-10-02T10:17:57Z,2026-10-02T10:17:57Z,0,
36994301678,1,Release,"build-desktop (windows-latest, x64) / build",step,Package macOS installer,skipped,,2026-10-02T10:17:57Z,2026-10-02T10:17:57Z,0,
36994301678,1,Release,"build-desktop (windows-latest, x64) / build",step,Package unsigned macOS rehearsal,skipped,,2026-10-02T10:17:57Z,2026-10-02T10:17:57Z,0,
36994301678,1,Release,"build-desktop (windows-latest, x64) / build",step,Package Windows installer,success,,2026-10-02T10:17:57Z,2026-10-02T10:22:54Z,297.0,
36994301678,1,Release,"build-desktop (windows-latest, x64) / build",step,Prove release candidate Workspace CLI acceptance,success,,2026-10-02T10:22:54Z,2026-10-02T10:23:19Z,25.0,
36994301678,1,Release,"build-desktop (windows-latest, x64) / build",step,Preserve release acceptance receipt,success,,2026-10-02T10:23:19Z,2026-10-02T10:23:20Z,1.0,
36994301678,1,Release,"build-desktop (windows-latest, x64) / build",step,Prepare update channel aliases,success,,2026-10-02T10:23:20Z,2026-10-02T10:23:20Z,0,
36994301678,1,Release,"build-desktop (windows-latest, x64) / build",step,Verify candidate update metadata and referenced bytes,success,,2026-10-02T10:23:20Z,2026-10-02T10:23:22Z,2.0,
36994301678,1,Release,"build-desktop (windows-latest, x64) / build",step,Record desktop candidate identity,success,,2026-10-02T10:23:22Z,2026-10-02T10:23:23Z,1.0,
36994301678,1,Release,"build-desktop (windows-latest, x64) / build",step,Preserve desktop release candidate,success,,2026-10-02T10:23:23Z,2026-10-02T10:23:26Z,3.0,
36994301678,1,Release,"build-desktop (windows-latest, x64) / build",step,Post Run actions/setup-node@v7,success,,2026-10-02T10:23:26Z,2026-10-02T10:24:05Z,39.0,
36994301678,1,Release,"build-desktop (windows-latest, x64) / build",step,Post Run pnpm/action-setup@v6,success,,2026-10-02T10:24:05Z,2026-10-02T10:24:05Z,0,
36994301678,1,Release,"build-desktop (windows-latest, x64) / build",step,Post Run actions/checkout@v7,success,,2026-10-02T10:24:05Z,2026-10-02T10:24:07Z,2.0,
36994301678,1,Release,"build-desktop (windows-latest, x64) / build",step,Complete job,success,,2026-10-02T10:24:07Z,2026-10-02T10:24:07Z,0,
36994301678,1,Release,"build-desktop (macos-14, arm64) / build",job,,failure,2026-10-02T10:13:59Z,2026-10-02T10:14:11Z,2026-10-02T10:22:36Z,505.0,12.0
36994301678,1,Release,"build-desktop (macos-14, arm64) / build",step,Set up job,success,,2026-10-02T10:14:11Z,2026-10-02T10:14:13Z,2.0,
36994301678,1,Release,"build-desktop (macos-14, arm64) / build",step,Run actions/checkout@v7,success,,2026-10-02T10:14:13Z,2026-10-02T10:14:17Z,4.0,
36994301678,1,Release,"build-desktop (macos-14, arm64) / build",step,Run pnpm/action-setup@v6,success,,2026-10-02T10:14:17Z,2026-10-02T10:14:22Z,5.0,
36994301678,1,Release,"build-desktop (macos-14, arm64) / build",step,Run actions/setup-node@v7,success,,2026-10-02T10:14:22Z,2026-10-02T10:14:23Z,1.0,
36994301678,1,Release,"build-desktop (macos-14, arm64) / build",step,Install dependencies,success,,2026-10-02T10:14:23Z,2026-10-02T10:14:55Z,32.0,
36994301678,1,Release,"build-desktop (macos-14, arm64) / build",step,Verify bundled git (dugite) was fetched,success,,2026-10-02T10:14:55Z,2026-10-02T10:14:55Z,0,
36994301678,1,Release,"build-desktop (macos-14, arm64) / build",step,Build Alice + UTA + desktop shell,success,,2026-10-02T10:14:55Z,2026-10-02T10:17:27Z,152.0,
36994301678,1,Release,"build-desktop (macos-14, arm64) / build",step,Vendor managed workspace runtime,success,,2026-10-02T10:17:27Z,2026-10-02T10:17:35Z,8.0,
36994301678,1,Release,"build-desktop (macos-14, arm64) / build",step,Write Apple notarization API key,success,,2026-10-02T10:17:35Z,2026-10-02T10:17:35Z,0,
36994301678,1,Release,"build-desktop (macos-14, arm64) / build",step,Package macOS installer,failure,,2026-10-02T10:17:35Z,2026-10-02T10:22:30Z,295.0,
36994301678,1,Release,"build-desktop (macos-14, arm64) / build",step,Package unsigned macOS rehearsal,skipped,,2026-10-02T10:22:30Z,2026-10-02T10:22:30Z,0,
36994301678,1,Release,"build-desktop (macos-14, arm64) / build",step,Package Windows installer,skipped,,2026-10-02T10:22:30Z,2026-10-02T10:22:30Z,0,
36994301678,1,Release,"build-desktop (macos-14, arm64) / build",step,Prove release candidate Workspace CLI acceptance,skipped,,2026-10-02T10:22:30Z,2026-10-02T10:22:30Z,0,
36994301678,1,Release,"build-desktop (macos-14, arm64) / build",step,Preserve release acceptance receipt,success,,2026-10-02T10:22:30Z,2026-10-02T10:22:30Z,0,
36994301678,1,Release,"build-desktop (macos-14, arm64) / build",step,Prepare update channel aliases,skipped,,2026-10-02T10:22:30Z,2026-10-02T10:22:30Z,0,
36994301678,1,Release,"build-desktop (macos-14, arm64) / build",step,Verify candidate update metadata and referenced bytes,skipped,,2026-10-02T10:22:30Z,2026-10-02T10:22:30Z,0,
36994301678,1,Release,"build-desktop (macos-14, arm64) / build",step,Record desktop candidate identity,skipped,,2026-10-02T10:22:30Z,2026-10-02T10:22:30Z,0,
36994301678,1,Release,"build-desktop (macos-14, arm64) / build",step,Preserve desktop release candidate,skipped,,2026-10-02T10:22:30Z,2026-10-02T10:22:30Z,0,
36994301678,1,Release,"build-desktop (macos-14, arm64) / build",step,Post Run actions/setup-node@v7,skipped,,2026-10-02T10:22:30Z,2026-10-02T10:22:30Z,0,
36994301678,1,Release,"build-desktop (macos-14, arm64) / build",step,Post Run pnpm/action-setup@v6,success,,2026-10-02T10:22:30Z,2026-10-02T10:22:31Z,1.0,
36994301678,1,Release,"build-desktop (macos-14, arm64) / build",step,Post Run actions/checkout@v7,success,,2026-10-02T10:22:31Z,2026-10-02T10:22:31Z,0,
36994301678,1,Release,"build-desktop (macos-14, arm64) / build",step,Complete job,success,,2026-10-02T10:22:31Z,2026-10-02T10:22:35Z,4.0,
36994301678,1,Release,validate-stable-source,job,,skipped,2026-10-02T10:13:59Z,2026-10-02T10:13:59Z,2026-10-02T10:13:59Z,0,0
36994301678,1,Release,Preflight public CLI channel authority,job,,skipped,2026-10-02T10:14:00Z,2026-10-02T10:14:00Z,2026-10-02T10:13:59Z,0,0
36994301678,1,Release,"build-desktop (macos-14, arm64) / restore",job,,skipped,2026-10-02T10:14:00Z,2026-10-02T10:14:00Z,2026-10-02T10:13:59Z,0,0
36994301678,1,Release,"build-desktop (windows-latest, x64) / restore",job,,skipped,2026-10-02T10:14:00Z,2026-10-02T10:14:00Z,2026-10-02T10:13:59Z,0,0
36994301678,1,Release,"build-desktop (macos-15-intel, x64) / restore",job,,skipped,2026-10-02T10:14:00Z,2026-10-02T10:14:00Z,2026-10-02T10:13:59Z,0,0
36994301678,1,Release,Build native CLI (linux-x64),job,,success,2026-10-02T10:16:17Z,2026-10-02T10:16:20Z,2026-10-02T10:17:58Z,98.0,3.0
36994301678,1,Release,Build native CLI (linux-x64),step,Set up job,success,,2026-10-02T10:16:22Z,2026-10-02T10:16:24Z,2.0,
36994301678,1,Release,Build native CLI (linux-x64),step,Run actions/checkout@v7,success,,2026-10-02T10:16:24Z,2026-10-02T10:16:26Z,2.0,
36994301678,1,Release,Build native CLI (linux-x64),step,Run pnpm/action-setup@v6,success,,2026-10-02T10:16:26Z,2026-10-02T10:16:31Z,5.0,
36994301678,1,Release,Build native CLI (linux-x64),step,Run actions/setup-node@v7,success,,2026-10-02T10:16:31Z,2026-10-02T10:16:41Z,10.0,
36994301678,1,Release,Build native CLI (linux-x64),step,Run oven-sh/setup-bun@v2,success,,2026-10-02T10:16:41Z,2026-10-02T10:16:43Z,2.0,
36994301678,1,Release,Build native CLI (linux-x64),step,Install dependencies,success,,2026-10-02T10:16:43Z,2026-10-02T10:16:52Z,9.0,
36994301678,1,Release,Build native CLI (linux-x64),step,Run actions/download-artifact@v4,success,,2026-10-02T10:16:52Z,2026-10-02T10:16:53Z,1.0,
36994301678,1,Release,Build native CLI (linux-x64),step,Verify and install shared CLI inputs,success,,2026-10-02T10:16:53Z,2026-10-02T10:16:54Z,1.0,
36994301678,1,Release,Build native CLI (linux-x64),step,Build native CLI,success,,2026-10-02T10:16:54Z,2026-10-02T10:17:44Z,50.0,
36994301678,1,Release,Build native CLI (linux-x64),step,Install and boot the native candidate outside the checkout,success,,2026-10-02T10:17:44Z,2026-10-02T10:17:54Z,10.0,
36994301678,1,Release,Build native CLI (linux-x64),step,Accept npm and Bun installs from the native candidate,skipped,,2026-10-02T10:17:54Z,2026-10-02T10:17:54Z,0,
36994301678,1,Release,Build native CLI (linux-x64),step,Name the native acceptance report,success,,2026-10-02T10:17:54Z,2026-10-02T10:17:54Z,0,
36994301678,1,Release,Build native CLI (linux-x64),step,Preserve accepted native CLI,success,,2026-10-02T10:17:54Z,2026-10-02T10:17:55Z,1.0,
36994301678,1,Release,Build native CLI (linux-x64),step,Post Run oven-sh/setup-bun@v2,success,,2026-10-02T10:17:55Z,2026-10-02T10:17:55Z,0,
36994301678,1,Release,Build native CLI (linux-x64),step,Post Run actions/setup-node@v7,success,,2026-10-02T10:17:55Z,2026-10-02T10:17:56Z,1.0,
36994301678,1,Release,Build native CLI (linux-x64),step,Post Run pnpm/action-setup@v6,success,,2026-10-02T10:17:56Z,2026-10-02T10:17:56Z,0,
36994301678,1,Release,Build native CLI (linux-x64),step,Post Run actions/checkout@v7,success,,2026-10-02T10:17:56Z,2026-10-02T10:17:56Z,0,
36994301678,1,Release,Build native CLI (linux-x64),step,Complete job,success,,2026-10-02T10:17:56Z,2026-10-02T10:17:56Z,0,
36994301678,1,Release,Build native CLI (darwin-arm64),job,,success,2026-10-02T10:16:17Z,2026-10-02T10:16:29Z,2026-10-02T10:18:49Z,140.0,12.0
36994301678,1,Release,Build native CLI (darwin-arm64),step,Set up job,success,,2026-10-02T10:16:29Z,2026-10-02T10:16:33Z,4.0,
36994301678,1,Release,Build native CLI (darwin-arm64),step,Run actions/checkout@v7,success,,2026-10-02T10:16:33Z,2026-10-02T10:16:38Z,5.0,
36994301678,1,Release,Build native CLI (darwin-arm64),step,Run pnpm/action-setup@v6,success,,2026-10-02T10:16:38Z,2026-10-02T10:16:44Z,6.0,
36994301678,1,Release,Build native CLI (darwin-arm64),step,Run actions/setup-node@v7,success,,2026-10-02T10:16:44Z,2026-10-02T10:17:16Z,32.0,
36994301678,1,Release,Build native CLI (darwin-arm64),step,Run oven-sh/setup-bun@v2,success,,2026-10-02T10:17:16Z,2026-10-02T10:17:18Z,2.0,
36994301678,1,Release,Build native CLI (darwin-arm64),step,Install dependencies,success,,2026-10-02T10:17:18Z,2026-10-02T10:17:39Z,21.0,
36994301678,1,Release,Build native CLI (darwin-arm64),step,Run actions/download-artifact@v4,success,,2026-10-02T10:17:39Z,2026-10-02T10:17:40Z,1.0,
36994301678,1,Release,Build native CLI (darwin-arm64),step,Verify and install shared CLI inputs,success,,2026-10-02T10:17:40Z,2026-10-02T10:17:41Z,1.0,
36994301678,1,Release,Build native CLI (darwin-arm64),step,Build native CLI,success,,2026-10-02T10:17:41Z,2026-10-02T10:18:33Z,52.0,
36994301678,1,Release,Build native CLI (darwin-arm64),step,Install and boot the native candidate outside the checkout,success,,2026-10-02T10:18:33Z,2026-10-02T10:18:42Z,9.0,
36994301678,1,Release,Build native CLI (darwin-arm64),step,Accept npm and Bun installs from the native candidate,skipped,,2026-10-02T10:18:42Z,2026-10-02T10:18:42Z,0,
36994301678,1,Release,Build native CLI (darwin-arm64),step,Name the native acceptance report,success,,2026-10-02T10:18:42Z,2026-10-02T10:18:42Z,0,
36994301678,1,Release,Build native CLI (darwin-arm64),step,Preserve accepted native CLI,success,,2026-10-02T10:18:42Z,2026-10-02T10:18:44Z,2.0,
36994301678,1,Release,Build native CLI (darwin-arm64),step,Post Run oven-sh/setup-bun@v2,success,,2026-10-02T10:18:44Z,2026-10-02T10:18:44Z,0,
36994301678,1,Release,Build native CLI (darwin-arm64),step,Post Run actions/setup-node@v7,success,,2026-10-02T10:18:44Z,2026-10-02T10:18:44Z,0,
36994301678,1,Release,Build native CLI (darwin-arm64),step,Post Run pnpm/action-setup@v6,success,,2026-10-02T10:18:44Z,2026-10-02T10:18:44Z,0,
36994301678,1,Release,Build native CLI (darwin-arm64),step,Post Run actions/checkout@v7,success,,2026-10-02T10:18:44Z,2026-10-02T10:18:45Z,1.0,
36994301678,1,Release,Build native CLI (darwin-arm64),step,Complete job,success,,2026-10-02T10:18:45Z,2026-10-02T10:18:47Z,2.0,
36994301678,1,Release,Build native CLI (linux-arm64),job,,success,2026-10-02T10:16:17Z,2026-10-02T10:16:23Z,2026-10-02T10:17:57Z,94.0,6.0
36994301678,1,Release,Build native CLI (linux-arm64),step,Set up job,success,,2026-10-02T10:16:24Z,2026-10-02T10:16:26Z,2.0,
36994301678,1,Release,Build native CLI (linux-arm64),step,Run actions/checkout@v7,success,,2026-10-02T10:16:26Z,2026-10-02T10:16:29Z,3.0,
36994301678,1,Release,Build native CLI (linux-arm64),step,Run pnpm/action-setup@v6,success,,2026-10-02T10:16:29Z,2026-10-02T10:16:37Z,8.0,
36994301678,1,Release,Build native CLI (linux-arm64),step,Run actions/setup-node@v7,success,,2026-10-02T10:16:37Z,2026-10-02T10:16:47Z,10.0,
36994301678,1,Release,Build native CLI (linux-arm64),step,Run oven-sh/setup-bun@v2,success,,2026-10-02T10:16:47Z,2026-10-02T10:16:48Z,1.0,
36994301678,1,Release,Build native CLI (linux-arm64),step,Install dependencies,success,,2026-10-02T10:16:48Z,2026-10-02T10:16:55Z,7.0,
36994301678,1,Release,Build native CLI (linux-arm64),step,Run actions/download-artifact@v4,success,,2026-10-02T10:16:55Z,2026-10-02T10:16:57Z,2.0,
36994301678,1,Release,Build native CLI (linux-arm64),step,Verify and install shared CLI inputs,success,,2026-10-02T10:16:57Z,2026-10-02T10:16:57Z,0,
36994301678,1,Release,Build native CLI (linux-arm64),step,Build native CLI,success,,2026-10-02T10:16:57Z,2026-10-02T10:17:43Z,46.0,
36994301678,1,Release,Build native CLI (linux-arm64),step,Install and boot the native candidate outside the checkout,success,,2026-10-02T10:17:43Z,2026-10-02T10:17:52Z,9.0,
36994301678,1,Release,Build native CLI (linux-arm64),step,Accept npm and Bun installs from the native candidate,skipped,,2026-10-02T10:17:52Z,2026-10-02T10:17:52Z,0,
36994301678,1,Release,Build native CLI (linux-arm64),step,Name the native acceptance report,success,,2026-10-02T10:17:52Z,2026-10-02T10:17:52Z,0,
36994301678,1,Release,Build native CLI (linux-arm64),step,Preserve accepted native CLI,success,,2026-10-02T10:17:52Z,2026-10-02T10:17:54Z,2.0,
36994301678,1,Release,Build native CLI (linux-arm64),step,Post Run oven-sh/setup-bun@v2,success,,2026-10-02T10:17:54Z,2026-10-02T10:17:54Z,0,
36994301678,1,Release,Build native CLI (linux-arm64),step,Post Run actions/setup-node@v7,success,,2026-10-02T10:17:54Z,2026-10-02T10:17:54Z,0,
36994301678,1,Release,Build native CLI (linux-arm64),step,Post Run pnpm/action-setup@v6,success,,2026-10-02T10:17:54Z,2026-10-02T10:17:55Z,1.0,
36994301678,1,Release,Build native CLI (linux-arm64),step,Post Run actions/checkout@v7,success,,2026-10-02T10:17:55Z,2026-10-02T10:17:55Z,0,
36994301678,1,Release,Build native CLI (linux-arm64),step,Complete job,success,,2026-10-02T10:17:55Z,2026-10-02T10:17:55Z,0,
36994301678,1,Release,Build native CLI (darwin-x64),job,,success,2026-10-02T10:16:17Z,2026-10-02T10:16:47Z,2026-10-02T10:21:27Z,280.0,30.0
36994301678,1,Release,Build native CLI (darwin-x64),step,Set up job,success,,2026-10-02T10:16:48Z,2026-10-02T10:16:51Z,3.0,
36994301678,1,Release,Build native CLI (darwin-x64),step,Run actions/checkout@v7,success,,2026-10-02T10:16:51Z,2026-10-02T10:16:58Z,7.0,
36994301678,1,Release,Build native CLI (darwin-x64),step,Run pnpm/action-setup@v6,success,,2026-10-02T10:16:58Z,2026-10-02T10:17:11Z,13.0,
36994301678,1,Release,Build native CLI (darwin-x64),step,Run actions/setup-node@v7,success,,2026-10-02T10:17:11Z,2026-10-02T10:17:25Z,14.0,
36994301678,1,Release,Build native CLI (darwin-x64),step,Run oven-sh/setup-bun@v2,success,,2026-10-02T10:17:25Z,2026-10-02T10:17:29Z,4.0,
36994301678,1,Release,Build native CLI (darwin-x64),step,Install dependencies,success,,2026-10-02T10:17:29Z,2026-10-02T10:19:03Z,94.0,
36994301678,1,Release,Build native CLI (darwin-x64),step,Run actions/download-artifact@v4,success,,2026-10-02T10:19:03Z,2026-10-02T10:19:06Z,3.0,
36994301678,1,Release,Build native CLI (darwin-x64),step,Verify and install shared CLI inputs,success,,2026-10-02T10:19:06Z,2026-10-02T10:19:07Z,1.0,
36994301678,1,Release,Build native CLI (darwin-x64),step,Build native CLI,success,,2026-10-02T10:19:07Z,2026-10-02T10:20:24Z,77.0,
36994301678,1,Release,Build native CLI (darwin-x64),step,Install and boot the native candidate outside the checkout,success,,2026-10-02T10:20:24Z,2026-10-02T10:20:38Z,14.0,
36994301678,1,Release,Build native CLI (darwin-x64),step,Accept npm and Bun installs from the native candidate,skipped,,2026-10-02T10:20:38Z,2026-10-02T10:20:38Z,0,
36994301678,1,Release,Build native CLI (darwin-x64),step,Name the native acceptance report,success,,2026-10-02T10:20:38Z,2026-10-02T10:20:38Z,0,
36994301678,1,Release,Build native CLI (darwin-x64),step,Preserve accepted native CLI,success,,2026-10-02T10:20:38Z,2026-10-02T10:20:43Z,5.0,
36994301678,1,Release,Build native CLI (darwin-x64),step,Post Run oven-sh/setup-bun@v2,success,,2026-10-02T10:20:43Z,2026-10-02T10:20:48Z,5.0,
36994301678,1,Release,Build native CLI (darwin-x64),step,Post Run actions/setup-node@v7,success,,2026-10-02T10:20:48Z,2026-10-02T10:21:19Z,31.0,
36994301678,1,Release,Build native CLI (darwin-x64),step,Post Run pnpm/action-setup@v6,success,,2026-10-02T10:21:19Z,2026-10-02T10:21:19Z,0,
36994301678,1,Release,Build native CLI (darwin-x64),step,Post Run actions/checkout@v7,success,,2026-10-02T10:21:19Z,2026-10-02T10:21:21Z,2.0,
36994301678,1,Release,Build native CLI (darwin-x64),step,Complete job,success,,2026-10-02T10:21:21Z,2026-10-02T10:21:23Z,2.0,
36994301678,1,Release,build-cli-windows / Windows CLI (x64),job,,success,2026-10-02T10:16:19Z,2026-10-02T10:16:22Z,2026-10-02T10:17:06Z,44.0,3.0
36994301678,1,Release,build-cli-windows / Windows CLI (x64),step,Set up job,success,,2026-10-02T10:16:22Z,2026-10-02T10:16:24Z,2.0,
36994301678,1,Release,build-cli-windows / Windows CLI (x64),step,Run actions/checkout@v7,success,,2026-10-02T10:16:24Z,2026-10-02T10:16:26Z,2.0,
36994301678,1,Release,build-cli-windows / Windows CLI (x64),step,Run pnpm/action-setup@v6,success,,2026-10-02T10:16:26Z,2026-10-02T10:16:32Z,6.0,
36994301678,1,Release,build-cli-windows / Windows CLI (x64),step,Run actions/setup-node@v7,success,,2026-10-02T10:16:32Z,2026-10-02T10:16:41Z,9.0,
36994301678,1,Release,build-cli-windows / Windows CLI (x64),step,Run oven-sh/setup-bun@v2,success,,2026-10-02T10:16:41Z,2026-10-02T10:16:42Z,1.0,
36994301678,1,Release,build-cli-windows / Windows CLI (x64),step,Run pnpm install --frozen-lockfile --filter='!@traderalice/desktop',success,,2026-10-02T10:16:42Z,2026-10-02T10:16:51Z,9.0,
36994301678,1,Release,build-cli-windows / Windows CLI (x64),step,Run pnpm build:server,skipped,,2026-10-02T10:16:51Z,2026-10-02T10:16:51Z,0,
36994301678,1,Release,build-cli-windows / Windows CLI (x64),step,Reuse shared server inputs,success,,2026-10-02T10:16:51Z,2026-10-02T10:16:53Z,2.0,
36994301678,1,Release,build-cli-windows / Windows CLI (x64),step,Verify shared server inputs,success,,2026-10-02T10:16:53Z,2026-10-02T10:16:53Z,0,
36994301678,1,Release,build-cli-windows / Windows CLI (x64),step,Run actions/download-artifact@v4,skipped,,2026-10-02T10:16:53Z,2026-10-02T10:16:53Z,0,
36994301678,1,Release,build-cli-windows / Windows CLI (x64),step,Assemble preview before native acceptance,success,,2026-10-02T10:16:53Z,2026-10-02T10:17:01Z,8.0,
36994301678,1,Release,build-cli-windows / Windows CLI (x64),step,Preserve complete candidate for reproduction,success,,2026-10-02T10:17:01Z,2026-10-02T10:17:03Z,2.0,
36994301678,1,Release,build-cli-windows / Windows CLI (x64),step,Reuse an existing candidate without installing dependencies or rebuilding,skipped,,2026-10-02T10:17:03Z,2026-10-02T10:17:03Z,0,
36994301678,1,Release,build-cli-windows / Windows CLI (x64),step,Check native ConPTY input resize and independent termination,skipped,,2026-10-02T10:17:03Z,2026-10-02T10:17:03Z,0,
36994301678,1,Release,build-cli-windows / Windows CLI (x64),step,Install and start the packaged Runtime,skipped,,2026-10-02T10:17:03Z,2026-10-02T10:17:03Z,0,
36994301678,1,Release,build-cli-windows / Windows CLI (x64),step,Accept Windows npm and Bun native command shims,skipped,,2026-10-02T10:17:03Z,2026-10-02T10:17:03Z,0,
36994301678,1,Release,build-cli-windows / Windows CLI (x64),step,Preserve native verification receipt,success,,2026-10-02T10:17:03Z,2026-10-02T10:17:03Z,0,
36994301678,1,Release,build-cli-windows / Windows CLI (x64),step,Post Run oven-sh/setup-bun@v2,success,,2026-10-02T10:17:03Z,2026-10-02T10:17:03Z,0,
36994301678,1,Release,build-cli-windows / Windows CLI (x64),step,Post Run actions/setup-node@v7,success,,2026-10-02T10:17:03Z,2026-10-02T10:17:03Z,0,
36994301678,1,Release,build-cli-windows / Windows CLI (x64),step,Post Run pnpm/action-setup@v6,success,,2026-10-02T10:17:03Z,2026-10-02T10:17:03Z,0,
36994301678,1,Release,build-cli-windows / Windows CLI (x64),step,Post Run actions/checkout@v7,success,,2026-10-02T10:17:03Z,2026-10-02T10:17:04Z,1.0,
36994301678,1,Release,build-cli-windows / Windows CLI (x64),step,Complete job,success,,2026-10-02T10:17:04Z,2026-10-02T10:17:04Z,0,
36994301678,1,Release,build-cli-windows / Windows CLI (arm64),job,,success,2026-10-02T10:16:19Z,2026-10-02T10:16:22Z,2026-10-02T10:17:05Z,43.0,3.0
36994301678,1,Release,build-cli-windows / Windows CLI (arm64),step,Set up job,success,,2026-10-02T10:16:23Z,2026-10-02T10:16:26Z,3.0,
36994301678,1,Release,build-cli-windows / Windows CLI (arm64),step,Run actions/checkout@v7,success,,2026-10-02T10:16:26Z,2026-10-02T10:16:29Z,3.0,
36994301678,1,Release,build-cli-windows / Windows CLI (arm64),step,Run pnpm/action-setup@v6,success,,2026-10-02T10:16:29Z,2026-10-02T10:16:33Z,4.0,
36994301678,1,Release,build-cli-windows / Windows CLI (arm64),step,Run actions/setup-node@v7,success,,2026-10-02T10:16:33Z,2026-10-02T10:16:41Z,8.0,
36994301678,1,Release,build-cli-windows / Windows CLI (arm64),step,Run oven-sh/setup-bun@v2,success,,2026-10-02T10:16:41Z,2026-10-02T10:16:43Z,2.0,
36994301678,1,Release,build-cli-windows / Windows CLI (arm64),step,Run pnpm install --frozen-lockfile --filter='!@traderalice/desktop',success,,2026-10-02T10:16:43Z,2026-10-02T10:16:52Z,9.0,
36994301678,1,Release,build-cli-windows / Windows CLI (arm64),step,Run pnpm build:server,skipped,,2026-10-02T10:16:52Z,2026-10-02T10:16:52Z,0,
36994301678,1,Release,build-cli-windows / Windows CLI (arm64),step,Reuse shared server inputs,success,,2026-10-02T10:16:52Z,2026-10-02T10:16:53Z,1.0,
36994301678,1,Release,build-cli-windows / Windows CLI (arm64),step,Verify shared server inputs,success,,2026-10-02T10:16:53Z,2026-10-02T10:16:53Z,0,
36994301678,1,Release,build-cli-windows / Windows CLI (arm64),step,Run actions/download-artifact@v4,skipped,,2026-10-02T10:16:53Z,2026-10-02T10:16:53Z,0,
36994301678,1,Release,build-cli-windows / Windows CLI (arm64),step,Assemble preview before native acceptance,success,,2026-10-02T10:16:53Z,2026-10-02T10:16:59Z,6.0,
36994301678,1,Release,build-cli-windows / Windows CLI (arm64),step,Preserve complete candidate for reproduction,success,,2026-10-02T10:16:59Z,2026-10-02T10:17:01Z,2.0,
36994301678,1,Release,build-cli-windows / Windows CLI (arm64),step,Reuse an existing candidate without installing dependencies or rebuilding,skipped,,2026-10-02T10:17:01Z,2026-10-02T10:17:01Z,0,
36994301678,1,Release,build-cli-windows / Windows CLI (arm64),step,Check native ConPTY input resize and independent termination,skipped,,2026-10-02T10:17:01Z,2026-10-02T10:17:01Z,0,
36994301678,1,Release,build-cli-windows / Windows CLI (arm64),step,Install and start the packaged Runtime,skipped,,2026-10-02T10:17:01Z,2026-10-02T10:17:01Z,0,
36994301678,1,Release,build-cli-windows / Windows CLI (arm64),step,Accept Windows npm and Bun native command shims,skipped,,2026-10-02T10:17:01Z,2026-10-02T10:17:01Z,0,
36994301678,1,Release,build-cli-windows / Windows CLI (arm64),step,Preserve native verification receipt,success,,2026-10-02T10:17:01Z,2026-10-02T10:17:02Z,1.0,
36994301678,1,Release,build-cli-windows / Windows CLI (arm64),step,Post Run oven-sh/setup-bun@v2,success,,2026-10-02T10:17:02Z,2026-10-02T10:17:02Z,0,
36994301678,1,Release,build-cli-windows / Windows CLI (arm64),step,Post Run actions/setup-node@v7,success,,2026-10-02T10:17:02Z,2026-10-02T10:17:02Z,0,
36994301678,1,Release,build-cli-windows / Windows CLI (arm64),step,Post Run pnpm/action-setup@v6,success,,2026-10-02T10:17:02Z,2026-10-02T10:17:02Z,0,
36994301678,1,Release,build-cli-windows / Windows CLI (arm64),step,Post Run actions/checkout@v7,success,,2026-10-02T10:17:02Z,2026-10-02T10:17:02Z,0,
36994301678,1,Release,build-cli-windows / Windows CLI (arm64),step,Complete job,success,,2026-10-02T10:17:02Z,2026-10-02T10:17:02Z,0,
36994301678,1,Release,Accept Linuxbrew CLI (${{ matrix.arch }}),job,,skipped,2026-10-02T10:21:27Z,2026-10-02T10:21:27Z,2026-10-02T10:21:27Z,0,0
36994301678,1,Release,Accept Homebrew CLI (${{ matrix.arch }}),job,,skipped,2026-10-02T10:21:27Z,2026-10-02T10:21:27Z,2026-10-02T10:21:27Z,0,0
36994301678,1,Release,Accept Arch/AUR CLI package (${{ matrix.arch }}),job,,skipped,2026-10-02T10:21:27Z,2026-10-02T10:21:27Z,2026-10-02T10:21:27Z,0,0
36994301678,1,Release,Build CLI package-manager channels,job,,skipped,2026-10-02T10:21:27Z,2026-10-02T10:21:27Z,2026-10-02T10:21:27Z,0,0
36994301678,1,Release,Accept published v0.90.1 CLI cutover,job,,skipped,2026-10-02T10:21:27Z,2026-10-02T10:21:27Z,2026-10-02T10:21:27Z,0,0
36994301678,1,Release,"build-desktop (macos-14, arm64) / upgrade",job,,skipped,2026-10-02T10:22:37Z,2026-10-02T10:22:37Z,2026-10-02T10:22:36Z,0,0
36994301678,1,Release,"build-desktop (windows-latest, x64) / upgrade",job,,skipped,2026-10-02T10:24:09Z,2026-10-02T10:24:09Z,2026-10-02T10:24:09Z,0,0
36994301678,1,Release,"build-desktop (macos-15-intel, x64) / upgrade",job,,skipped,2026-10-02T10:27:33Z,2026-10-02T10:27:33Z,2026-10-02T10:27:33Z,0,0
36994301678,1,Release,Publish accepted release,job,,skipped,2026-10-02T10:28:37Z,2026-10-02T10:28:37Z,2026-10-02T10:28:37Z,0,0
36994301678,1,Release,mirror-release-assets,job,,skipped,2026-10-02T10:28:37Z,2026-10-02T10:28:37Z,2026-10-02T10:28:37Z,0,0
36994301678,1,Release,Verify public CLI channel assets,job,,skipped,2026-10-02T10:28:37Z,2026-10-02T10:28:37Z,2026-10-02T10:28:37Z,0,0
36994301678,1,Release,Publish Homebrew tap formula,job,,skipped,2026-10-02T10:28:38Z,2026-10-02T10:28:38Z,2026-10-02T10:28:37Z,0,0
36994301678,1,Release,Publish npm CLI packages,job,,skipped,2026-10-02T10:28:38Z,2026-10-02T10:28:38Z,2026-10-02T10:28:37Z,0,0
36994301678,1,Release,Publish AUR package metadata,job,,skipped,2026-10-02T10:28:38Z,2026-10-02T10:28:38Z,2026-10-02T10:28:37Z,0,0
36982439405,1,CLI Installer Smoke,Build dev platform-neutral inputs,job,,success,2026-10-02T08:09:20Z,2026-10-02T08:09:23Z,2026-10-02T08:11:16Z,113.0,3.0
36982439405,1,CLI Installer Smoke,Build dev platform-neutral inputs,step,Set up job,success,,2026-10-02T08:09:24Z,2026-10-02T08:09:25Z,1.0,
36982439405,1,CLI Installer Smoke,Build dev platform-neutral inputs,step,Run actions/checkout@v7,success,,2026-10-02T08:09:25Z,2026-10-02T08:09:28Z,3.0,
36982439405,1,CLI Installer Smoke,Build dev platform-neutral inputs,step,Run pnpm/action-setup@v6,success,,2026-10-02T08:09:28Z,2026-10-02T08:09:32Z,4.0,
36982439405,1,CLI Installer Smoke,Build dev platform-neutral inputs,step,Run actions/setup-node@v7,success,,2026-10-02T08:09:32Z,2026-10-02T08:09:43Z,11.0,
36982439405,1,CLI Installer Smoke,Build dev platform-neutral inputs,step,Run pnpm install --frozen-lockfile --filter='!@traderalice/desktop',success,,2026-10-02T08:09:43Z,2026-10-02T08:09:52Z,9.0,
36982439405,1,CLI Installer Smoke,Build dev platform-neutral inputs,step,Build platform-neutral server inputs,success,,2026-10-02T08:09:52Z,2026-10-02T08:11:10Z,78.0,
36982439405,1,CLI Installer Smoke,Build dev platform-neutral inputs,step,Prepare commit-bound neutral input receipt,success,,2026-10-02T08:11:10Z,2026-10-02T08:11:10Z,0,
36982439405,1,CLI Installer Smoke,Build dev platform-neutral inputs,step,Preserve platform-neutral inputs,success,,2026-10-02T08:11:10Z,2026-10-02T08:11:12Z,2.0,
36982439405,1,CLI Installer Smoke,Build dev platform-neutral inputs,step,Post Run actions/setup-node@v7,success,,2026-10-02T08:11:12Z,2026-10-02T08:11:13Z,1.0,
36982439405,1,CLI Installer Smoke,Build dev platform-neutral inputs,step,Post Run pnpm/action-setup@v6,success,,2026-10-02T08:11:13Z,2026-10-02T08:11:13Z,0,
36982439405,1,CLI Installer Smoke,Build dev platform-neutral inputs,step,Post Run actions/checkout@v7,success,,2026-10-02T08:11:13Z,2026-10-02T08:11:13Z,0,
36982439405,1,CLI Installer Smoke,Build dev platform-neutral inputs,step,Complete job,success,,2026-10-02T08:11:13Z,2026-10-02T08:11:13Z,0,
36982439405,1,CLI Installer Smoke,"build-dev-broker-packs (ubuntu-24.04, linux, x64)",job,,success,2026-10-02T08:09:20Z,2026-10-02T08:09:23Z,2026-10-02T08:11:14Z,111.0,3.0
36982439405,1,CLI Installer Smoke,"build-dev-broker-packs (ubuntu-24.04, linux, x64)",step,Set up job,success,,2026-10-02T08:09:24Z,2026-10-02T08:09:25Z,1.0,
36982439405,1,CLI Installer Smoke,"build-dev-broker-packs (ubuntu-24.04, linux, x64)",step,Run actions/checkout@v7,success,,2026-10-02T08:09:25Z,2026-10-02T08:09:27Z,2.0,
36982439405,1,CLI Installer Smoke,"build-dev-broker-packs (ubuntu-24.04, linux, x64)",step,Run pnpm/action-setup@v6,success,,2026-10-02T08:09:27Z,2026-10-02T08:09:32Z,5.0,
36982439405,1,CLI Installer Smoke,"build-dev-broker-packs (ubuntu-24.04, linux, x64)",step,Run actions/setup-node@v7,success,,2026-10-02T08:09:32Z,2026-10-02T08:09:42Z,10.0,
36982439405,1,CLI Installer Smoke,"build-dev-broker-packs (ubuntu-24.04, linux, x64)",step,Run oven-sh/setup-bun@v2,success,,2026-10-02T08:09:42Z,2026-10-02T08:09:43Z,1.0,
36982439405,1,CLI Installer Smoke,"build-dev-broker-packs (ubuntu-24.04, linux, x64)",step,Run pnpm install --frozen-lockfile --filter='!@traderalice/desktop',success,,2026-10-02T08:09:43Z,2026-10-02T08:09:50Z,7.0,
36982439405,1,CLI Installer Smoke,"build-dev-broker-packs (ubuntu-24.04, linux, x64)",step,Run pnpm broker-packs:build,success,,2026-10-02T08:09:50Z,2026-10-02T08:10:50Z,60.0,
36982439405,1,CLI Installer Smoke,"build-dev-broker-packs (ubuntu-24.04, linux, x64)",step,Run pnpm exec tsx scripts/verify-broker-packs.ts --compiled,success,,2026-10-02T08:10:50Z,2026-10-02T08:11:10Z,20.0,
36982439405,1,CLI Installer Smoke,"build-dev-broker-packs (ubuntu-24.04, linux, x64)",step,Run actions/upload-artifact@v4,success,,2026-10-02T08:11:10Z,2026-10-02T08:11:12Z,2.0,
36982439405,1,CLI Installer Smoke,"build-dev-broker-packs (ubuntu-24.04, linux, x64)",step,Post Run oven-sh/setup-bun@v2,success,,2026-10-02T08:11:12Z,2026-10-02T08:11:12Z,0,
36982439405,1,CLI Installer Smoke,"build-dev-broker-packs (ubuntu-24.04, linux, x64)",step,Post Run actions/setup-node@v7,success,,2026-10-02T08:11:12Z,2026-10-02T08:11:12Z,0,
36982439405,1,CLI Installer Smoke,"build-dev-broker-packs (ubuntu-24.04, linux, x64)",step,Post Run pnpm/action-setup@v6,success,,2026-10-02T08:11:12Z,2026-10-02T08:11:12Z,0,
36982439405,1,CLI Installer Smoke,"build-dev-broker-packs (ubuntu-24.04, linux, x64)",step,Post Run actions/checkout@v7,success,,2026-10-02T08:11:12Z,2026-10-02T08:11:12Z,0,
36982439405,1,CLI Installer Smoke,"build-dev-broker-packs (ubuntu-24.04, linux, x64)",step,Complete job,success,,2026-10-02T08:11:12Z,2026-10-02T08:11:13Z,1.0,
36982439405,1,CLI Installer Smoke,"build-dev-broker-packs (macos-15-intel, darwin, x64)",job,,success,2026-10-02T08:09:20Z,2026-10-02T08:09:25Z,2026-10-02T08:13:57Z,272.0,5.0
36982439405,1,CLI Installer Smoke,"build-dev-broker-packs (macos-15-intel, darwin, x64)",step,Set up job,success,,2026-10-02T08:09:25Z,2026-10-02T08:09:29Z,4.0,
36982439405,1,CLI Installer Smoke,"build-dev-broker-packs (macos-15-intel, darwin, x64)",step,Run actions/checkout@v7,success,,2026-10-02T08:09:29Z,2026-10-02T08:09:33Z,4.0,
36982439405,1,CLI Installer Smoke,"build-dev-broker-packs (macos-15-intel, darwin, x64)",step,Run pnpm/action-setup@v6,success,,2026-10-02T08:09:33Z,2026-10-02T08:09:42Z,9.0,
36982439405,1,CLI Installer Smoke,"build-dev-broker-packs (macos-15-intel, darwin, x64)",step,Run actions/setup-node@v7,success,,2026-10-02T08:09:42Z,2026-10-02T08:10:30Z,48.0,
36982439405,1,CLI Installer Smoke,"build-dev-broker-packs (macos-15-intel, darwin, x64)",step,Run oven-sh/setup-bun@v2,success,,2026-10-02T08:10:30Z,2026-10-02T08:10:33Z,3.0,
36982439405,1,CLI Installer Smoke,"build-dev-broker-packs (macos-15-intel, darwin, x64)",step,Run pnpm install --frozen-lockfile --filter='!@traderalice/desktop',success,,2026-10-02T08:10:33Z,2026-10-02T08:10:59Z,26.0,
36982439405,1,CLI Installer Smoke,"build-dev-broker-packs (macos-15-intel, darwin, x64)",step,Run pnpm broker-packs:build,success,,2026-10-02T08:10:59Z,2026-10-02T08:12:59Z,120.0,
36982439405,1,CLI Installer Smoke,"build-dev-broker-packs (macos-15-intel, darwin, x64)",step,Run pnpm exec tsx scripts/verify-broker-packs.ts --compiled,success,,2026-10-02T08:12:59Z,2026-10-02T08:13:47Z,48.0,
36982439405,1,CLI Installer Smoke,"build-dev-broker-packs (macos-15-intel, darwin, x64)",step,Run actions/upload-artifact@v4,success,,2026-10-02T08:13:47Z,2026-10-02T08:13:52Z,5.0,
36982439405,1,CLI Installer Smoke,"build-dev-broker-packs (macos-15-intel, darwin, x64)",step,Post Run oven-sh/setup-bun@v2,success,,2026-10-02T08:13:52Z,2026-10-02T08:13:52Z,0,
36982439405,1,CLI Installer Smoke,"build-dev-broker-packs (macos-15-intel, darwin, x64)",step,Post Run actions/setup-node@v7,success,,2026-10-02T08:13:52Z,2026-10-02T08:13:52Z,0,
36982439405,1,CLI Installer Smoke,"build-dev-broker-packs (macos-15-intel, darwin, x64)",step,Post Run pnpm/action-setup@v6,success,,2026-10-02T08:13:52Z,2026-10-02T08:13:53Z,1.0,
36982439405,1,CLI Installer Smoke,"build-dev-broker-packs (macos-15-intel, darwin, x64)",step,Post Run actions/checkout@v7,success,,2026-10-02T08:13:53Z,2026-10-02T08:13:53Z,0,
36982439405,1,CLI Installer Smoke,"build-dev-broker-packs (macos-15-intel, darwin, x64)",step,Complete job,success,,2026-10-02T08:13:53Z,2026-10-02T08:13:54Z,1.0,
36982439405,1,CLI Installer Smoke,"build-dev-broker-packs (macos-14, darwin, arm64)",job,,success,2026-10-02T08:09:20Z,2026-10-02T08:09:29Z,2026-10-02T08:11:34Z,125.0,9.0
36982439405,1,CLI Installer Smoke,"build-dev-broker-packs (macos-14, darwin, arm64)",step,Set up job,success,,2026-10-02T08:09:30Z,2026-10-02T08:09:32Z,2.0,
36982439405,1,CLI Installer Smoke,"build-dev-broker-packs (macos-14, darwin, arm64)",step,Run actions/checkout@v7,success,,2026-10-02T08:09:32Z,2026-10-02T08:09:38Z,6.0,
36982439405,1,CLI Installer Smoke,"build-dev-broker-packs (macos-14, darwin, arm64)",step,Run pnpm/action-setup@v6,success,,2026-10-02T08:09:38Z,2026-10-02T08:09:42Z,4.0,
36982439405,1,CLI Installer Smoke,"build-dev-broker-packs (macos-14, darwin, arm64)",step,Run actions/setup-node@v7,success,,2026-10-02T08:09:42Z,2026-10-02T08:10:00Z,18.0,
36982439405,1,CLI Installer Smoke,"build-dev-broker-packs (macos-14, darwin, arm64)",step,Run oven-sh/setup-bun@v2,success,,2026-10-02T08:10:00Z,2026-10-02T08:10:01Z,1.0,
36982439405,1,CLI Installer Smoke,"build-dev-broker-packs (macos-14, darwin, arm64)",step,Run pnpm install --frozen-lockfile --filter='!@traderalice/desktop',success,,2026-10-02T08:10:01Z,2026-10-02T08:10:17Z,16.0,
36982439405,1,CLI Installer Smoke,"build-dev-broker-packs (macos-14, darwin, arm64)",step,Run pnpm broker-packs:build,success,,2026-10-02T08:10:17Z,2026-10-02T08:11:16Z,59.0,
36982439405,1,CLI Installer Smoke,"build-dev-broker-packs (macos-14, darwin, arm64)",step,Run pnpm exec tsx scripts/verify-broker-packs.ts --compiled,success,,2026-10-02T08:11:16Z,2026-10-02T08:11:29Z,13.0,
36982439405,1,CLI Installer Smoke,"build-dev-broker-packs (macos-14, darwin, arm64)",step,Run actions/upload-artifact@v4,success,,2026-10-02T08:11:29Z,2026-10-02T08:11:31Z,2.0,
36982439405,1,CLI Installer Smoke,"build-dev-broker-packs (macos-14, darwin, arm64)",step,Post Run oven-sh/setup-bun@v2,success,,2026-10-02T08:11:31Z,2026-10-02T08:11:31Z,0,
36982439405,1,CLI Installer Smoke,"build-dev-broker-packs (macos-14, darwin, arm64)",step,Post Run actions/setup-node@v7,success,,2026-10-02T08:11:31Z,2026-10-02T08:11:31Z,0,
36982439405,1,CLI Installer Smoke,"build-dev-broker-packs (macos-14, darwin, arm64)",step,Post Run pnpm/action-setup@v6,success,,2026-10-02T08:11:31Z,2026-10-02T08:11:31Z,0,
36982439405,1,CLI Installer Smoke,"build-dev-broker-packs (macos-14, darwin, arm64)",step,Post Run actions/checkout@v7,success,,2026-10-02T08:11:31Z,2026-10-02T08:11:31Z,0,
36982439405,1,CLI Installer Smoke,"build-dev-broker-packs (macos-14, darwin, arm64)",step,Complete job,success,,2026-10-02T08:11:31Z,2026-10-02T08:11:32Z,1.0,
36982439405,1,CLI Installer Smoke,"build-dev-broker-packs (windows-11-arm, win32, arm64)",job,,success,2026-10-02T08:09:20Z,2026-10-02T08:09:24Z,2026-10-02T08:23:00Z,816.0,4.0
36982439405,1,CLI Installer Smoke,"build-dev-broker-packs (windows-11-arm, win32, arm64)",step,Set up job,success,,2026-10-02T08:09:25Z,2026-10-02T08:09:27Z,2.0,
36982439405,1,CLI Installer Smoke,"build-dev-broker-packs (windows-11-arm, win32, arm64)",step,Run actions/checkout@v7,success,,2026-10-02T08:09:27Z,2026-10-02T08:09:42Z,15.0,
36982439405,1,CLI Installer Smoke,"build-dev-broker-packs (windows-11-arm, win32, arm64)",step,Run pnpm/action-setup@v6,success,,2026-10-02T08:09:42Z,2026-10-02T08:10:13Z,31.0,
36982439405,1,CLI Installer Smoke,"build-dev-broker-packs (windows-11-arm, win32, arm64)",step,Run actions/setup-node@v7,success,,2026-10-02T08:10:13Z,2026-10-02T08:13:05Z,172.0,
36982439405,1,CLI Installer Smoke,"build-dev-broker-packs (windows-11-arm, win32, arm64)",step,Run oven-sh/setup-bun@v2,success,,2026-10-02T08:13:05Z,2026-10-02T08:13:08Z,3.0,
36982439405,1,CLI Installer Smoke,"build-dev-broker-packs (windows-11-arm, win32, arm64)",step,Run pnpm install --frozen-lockfile --filter='!@traderalice/desktop',success,,2026-10-02T08:13:08Z,2026-10-02T08:16:07Z,179.0,
36982439405,1,CLI Installer Smoke,"build-dev-broker-packs (windows-11-arm, win32, arm64)",step,Run pnpm broker-packs:build,success,,2026-10-02T08:16:07Z,2026-10-02T08:20:13Z,246.0,
36982439405,1,CLI Installer Smoke,"build-dev-broker-packs (windows-11-arm, win32, arm64)",step,Run pnpm exec tsx scripts/verify-broker-packs.ts --compiled,success,,2026-10-02T08:20:13Z,2026-10-02T08:22:50Z,157.0,
36982439405,1,CLI Installer Smoke,"build-dev-broker-packs (windows-11-arm, win32, arm64)",step,Run actions/upload-artifact@v4,success,,2026-10-02T08:22:50Z,2026-10-02T08:22:52Z,2.0,
36982439405,1,CLI Installer Smoke,"build-dev-broker-packs (windows-11-arm, win32, arm64)",step,Post Run oven-sh/setup-bun@v2,success,,2026-10-02T08:22:52Z,2026-10-02T08:22:53Z,1.0,
36982439405,1,CLI Installer Smoke,"build-dev-broker-packs (windows-11-arm, win32, arm64)",step,Post Run actions/setup-node@v7,success,,2026-10-02T08:22:53Z,2026-10-02T08:22:53Z,0,
36982439405,1,CLI Installer Smoke,"build-dev-broker-packs (windows-11-arm, win32, arm64)",step,Post Run pnpm/action-setup@v6,success,,2026-10-02T08:22:53Z,2026-10-02T08:22:53Z,0,
36982439405,1,CLI Installer Smoke,"build-dev-broker-packs (windows-11-arm, win32, arm64)",step,Post Run actions/checkout@v7,success,,2026-10-02T08:22:53Z,2026-10-02T08:22:58Z,5.0,
36982439405,1,CLI Installer Smoke,"build-dev-broker-packs (windows-11-arm, win32, arm64)",step,Complete job,success,,2026-10-02T08:22:58Z,2026-10-02T08:22:58Z,0,
36982439405,1,CLI Installer Smoke,"build-dev-broker-packs (ubuntu-24.04-arm, linux, arm64)",job,,success,2026-10-02T08:09:20Z,2026-10-02T08:09:27Z,2026-10-02T08:10:57Z,90.0,7.0
36982439405,1,CLI Installer Smoke,"build-dev-broker-packs (ubuntu-24.04-arm, linux, arm64)",step,Set up job,success,,2026-10-02T08:09:27Z,2026-10-02T08:09:28Z,1.0,
36982439405,1,CLI Installer Smoke,"build-dev-broker-packs (ubuntu-24.04-arm, linux, arm64)",step,Run actions/checkout@v7,success,,2026-10-02T08:09:28Z,2026-10-02T08:09:31Z,3.0,
36982439405,1,CLI Installer Smoke,"build-dev-broker-packs (ubuntu-24.04-arm, linux, arm64)",step,Run pnpm/action-setup@v6,success,,2026-10-02T08:09:31Z,2026-10-02T08:09:34Z,3.0,
36982439405,1,CLI Installer Smoke,"build-dev-broker-packs (ubuntu-24.04-arm, linux, arm64)",step,Run actions/setup-node@v7,success,,2026-10-02T08:09:34Z,2026-10-02T08:09:43Z,9.0,
36982439405,1,CLI Installer Smoke,"build-dev-broker-packs (ubuntu-24.04-arm, linux, arm64)",step,Run oven-sh/setup-bun@v2,success,,2026-10-02T08:09:43Z,2026-10-02T08:09:43Z,0,
36982439405,1,CLI Installer Smoke,"build-dev-broker-packs (ubuntu-24.04-arm, linux, arm64)",step,Run pnpm install --frozen-lockfile --filter='!@traderalice/desktop',success,,2026-10-02T08:09:43Z,2026-10-02T08:09:51Z,8.0,
36982439405,1,CLI Installer Smoke,"build-dev-broker-packs (ubuntu-24.04-arm, linux, arm64)",step,Run pnpm broker-packs:build,success,,2026-10-02T08:09:51Z,2026-10-02T08:10:38Z,47.0,
36982439405,1,CLI Installer Smoke,"build-dev-broker-packs (ubuntu-24.04-arm, linux, arm64)",step,Run pnpm exec tsx scripts/verify-broker-packs.ts --compiled,success,,2026-10-02T08:10:38Z,2026-10-02T08:10:52Z,14.0,
36982439405,1,CLI Installer Smoke,"build-dev-broker-packs (ubuntu-24.04-arm, linux, arm64)",step,Run actions/upload-artifact@v4,success,,2026-10-02T08:10:52Z,2026-10-02T08:10:54Z,2.0,
36982439405,1,CLI Installer Smoke,"build-dev-broker-packs (ubuntu-24.04-arm, linux, arm64)",step,Post Run oven-sh/setup-bun@v2,success,,2026-10-02T08:10:54Z,2026-10-02T08:10:54Z,0,
36982439405,1,CLI Installer Smoke,"build-dev-broker-packs (ubuntu-24.04-arm, linux, arm64)",step,Post Run actions/setup-node@v7,success,,2026-10-02T08:10:54Z,2026-10-02T08:10:54Z,0,
36982439405,1,CLI Installer Smoke,"build-dev-broker-packs (ubuntu-24.04-arm, linux, arm64)",step,Post Run pnpm/action-setup@v6,success,,2026-10-02T08:10:54Z,2026-10-02T08:10:55Z,1.0,
36982439405,1,CLI Installer Smoke,"build-dev-broker-packs (ubuntu-24.04-arm, linux, arm64)",step,Post Run actions/checkout@v7,success,,2026-10-02T08:10:55Z,2026-10-02T08:10:55Z,0,
36982439405,1,CLI Installer Smoke,"build-dev-broker-packs (ubuntu-24.04-arm, linux, arm64)",step,Complete job,success,,2026-10-02T08:10:55Z,2026-10-02T08:10:55Z,0,
36982439405,1,CLI Installer Smoke,"build-dev-broker-packs (windows-latest, win32, x64)",job,,success,2026-10-02T08:09:20Z,2026-10-02T08:09:24Z,2026-10-02T08:16:06Z,402.0,4.0
36982439405,1,CLI Installer Smoke,"build-dev-broker-packs (windows-latest, win32, x64)",step,Set up job,success,,2026-10-02T08:09:25Z,2026-10-02T08:09:26Z,1.0,
36982439405,1,CLI Installer Smoke,"build-dev-broker-packs (windows-latest, win32, x64)",step,Run actions/checkout@v7,success,,2026-10-02T08:09:26Z,2026-10-02T08:09:33Z,7.0,
36982439405,1,CLI Installer Smoke,"build-dev-broker-packs (windows-latest, win32, x64)",step,Run pnpm/action-setup@v6,success,,2026-10-02T08:09:33Z,2026-10-02T08:09:49Z,16.0,
36982439405,1,CLI Installer Smoke,"build-dev-broker-packs (windows-latest, win32, x64)",step,Run actions/setup-node@v7,success,,2026-10-02T08:09:49Z,2026-10-02T08:10:17Z,28.0,
36982439405,1,CLI Installer Smoke,"build-dev-broker-packs (windows-latest, win32, x64)",step,Run oven-sh/setup-bun@v2,success,,2026-10-02T08:10:17Z,2026-10-02T08:10:19Z,2.0,
36982439405,1,CLI Installer Smoke,"build-dev-broker-packs (windows-latest, win32, x64)",step,Run pnpm install --frozen-lockfile --filter='!@traderalice/desktop',success,,2026-10-02T08:10:19Z,2026-10-02T08:10:38Z,19.0,
36982439405,1,CLI Installer Smoke,"build-dev-broker-packs (windows-latest, win32, x64)",step,Run pnpm broker-packs:build,success,,2026-10-02T08:10:38Z,2026-10-02T08:13:58Z,200.0,
36982439405,1,CLI Installer Smoke,"build-dev-broker-packs (windows-latest, win32, x64)",step,Run pnpm exec tsx scripts/verify-broker-packs.ts --compiled,success,,2026-10-02T08:13:58Z,2026-10-02T08:16:00Z,122.0,
36982439405,1,CLI Installer Smoke,"build-dev-broker-packs (windows-latest, win32, x64)",step,Run actions/upload-artifact@v4,success,,2026-10-02T08:16:00Z,2026-10-02T08:16:02Z,2.0,
36982439405,1,CLI Installer Smoke,"build-dev-broker-packs (windows-latest, win32, x64)",step,Post Run oven-sh/setup-bun@v2,success,,2026-10-02T08:16:02Z,2026-10-02T08:16:02Z,0,
36982439405,1,CLI Installer Smoke,"build-dev-broker-packs (windows-latest, win32, x64)",step,Post Run actions/setup-node@v7,success,,2026-10-02T08:16:02Z,2026-10-02T08:16:03Z,1.0,
36982439405,1,CLI Installer Smoke,"build-dev-broker-packs (windows-latest, win32, x64)",step,Post Run pnpm/action-setup@v6,success,,2026-10-02T08:16:03Z,2026-10-02T08:16:03Z,0,
36982439405,1,CLI Installer Smoke,"build-dev-broker-packs (windows-latest, win32, x64)",step,Post Run actions/checkout@v7,success,,2026-10-02T08:16:03Z,2026-10-02T08:16:05Z,2.0,
36982439405,1,CLI Installer Smoke,"build-dev-broker-packs (windows-latest, win32, x64)",step,Complete job,success,,2026-10-02T08:16:05Z,2026-10-02T08:16:05Z,0,
36982439405,1,CLI Installer Smoke,windows-preview,job,,skipped,2026-10-02T08:09:20Z,2026-10-02T08:09:20Z,2026-10-02T08:09:20Z,0,0
36982439405,1,CLI Installer Smoke,Bun feasibility (${{ matrix.os }}),job,,skipped,2026-10-02T08:09:21Z,2026-10-02T08:09:21Z,2026-10-02T08:09:20Z,0,0
36982439405,1,CLI Installer Smoke,Current checkout install,job,,skipped,2026-10-02T08:09:21Z,2026-10-02T08:09:21Z,2026-10-02T08:09:20Z,0,0
36982439405,1,CLI Installer Smoke,Current checkout managed remote,job,,skipped,2026-10-02T08:09:21Z,2026-10-02T08:09:21Z,2026-10-02T08:09:20Z,0,0
36982439405,1,CLI Installer Smoke,release-prep scope,job,,skipped,2026-10-02T08:09:27Z,2026-10-02T08:09:27Z,2026-10-02T08:09:20Z,0,0
36982439405,1,CLI Installer Smoke,Build dev native CLI (darwin-x64),job,,success,2026-10-02T08:23:00Z,2026-10-02T08:23:08Z,2026-10-02T08:26:07Z,179.0,8.0
36982439405,1,CLI Installer Smoke,Build dev native CLI (darwin-x64),step,Set up job,success,,2026-10-02T08:23:08Z,2026-10-02T08:23:13Z,5.0,
36982439405,1,CLI Installer Smoke,Build dev native CLI (darwin-x64),step,Run actions/checkout@v7,success,,2026-10-02T08:23:13Z,2026-10-02T08:23:19Z,6.0,
36982439405,1,CLI Installer Smoke,Build dev native CLI (darwin-x64),step,Run pnpm/action-setup@v6,success,,2026-10-02T08:23:19Z,2026-10-02T08:23:29Z,10.0,
36982439405,1,CLI Installer Smoke,Build dev native CLI (darwin-x64),step,Run actions/setup-node@v7,success,,2026-10-02T08:23:29Z,2026-10-02T08:24:17Z,48.0,
36982439405,1,CLI Installer Smoke,Build dev native CLI (darwin-x64),step,Run oven-sh/setup-bun@v2,success,,2026-10-02T08:24:17Z,2026-10-02T08:24:18Z,1.0,
36982439405,1,CLI Installer Smoke,Build dev native CLI (darwin-x64),step,Run pnpm install --frozen-lockfile --filter='!@traderalice/desktop',success,,2026-10-02T08:24:18Z,2026-10-02T08:24:51Z,33.0,
36982439405,1,CLI Installer Smoke,Build dev native CLI (darwin-x64),step,Download platform-neutral inputs,success,,2026-10-02T08:24:51Z,2026-10-02T08:24:53Z,2.0,
36982439405,1,CLI Installer Smoke,Build dev native CLI (darwin-x64),step,Verify and install commit-bound neutral inputs,success,,2026-10-02T08:24:53Z,2026-10-02T08:24:54Z,1.0,
36982439405,1,CLI Installer Smoke,Build dev native CLI (darwin-x64),step,Accept multiprocess recovery once per dev commit,skipped,,2026-10-02T08:24:54Z,2026-10-02T08:24:54Z,0,
36982439405,1,CLI Installer Smoke,Build dev native CLI (darwin-x64),step,Run actions/download-artifact@v4,success,,2026-10-02T08:24:54Z,2026-10-02T08:24:57Z,3.0,
36982439405,1,CLI Installer Smoke,Build dev native CLI (darwin-x64),step,Build native CLI,success,,2026-10-02T08:24:57Z,2026-10-02T08:25:59Z,62.0,
36982439405,1,CLI Installer Smoke,Build dev native CLI (darwin-x64),step,Name the native acceptance report,success,,2026-10-02T08:25:59Z,2026-10-02T08:25:59Z,0,
36982439405,1,CLI Installer Smoke,Build dev native CLI (darwin-x64),step,Preserve accepted dev candidate,success,,2026-10-02T08:25:59Z,2026-10-02T08:26:02Z,3.0,
36982439405,1,CLI Installer Smoke,Build dev native CLI (darwin-x64),step,Post Run oven-sh/setup-bun@v2,success,,2026-10-02T08:26:02Z,2026-10-02T08:26:02Z,0,
36982439405,1,CLI Installer Smoke,Build dev native CLI (darwin-x64),step,Post Run actions/setup-node@v7,success,,2026-10-02T08:26:02Z,2026-10-02T08:26:02Z,0,
36982439405,1,CLI Installer Smoke,Build dev native CLI (darwin-x64),step,Post Run pnpm/action-setup@v6,success,,2026-10-02T08:26:02Z,2026-10-02T08:26:03Z,1.0,
36982439405,1,CLI Installer Smoke,Build dev native CLI (darwin-x64),step,Post Run actions/checkout@v7,success,,2026-10-02T08:26:03Z,2026-10-02T08:26:04Z,1.0,
36982439405,1,CLI Installer Smoke,Build dev native CLI (darwin-x64),step,Complete job,success,,2026-10-02T08:26:04Z,2026-10-02T08:26:05Z,1.0,
36982439405,1,CLI Installer Smoke,Build dev native CLI (darwin-arm64),job,,success,2026-10-02T08:23:00Z,2026-10-02T08:23:08Z,2026-10-02T08:24:45Z,97.0,8.0
36982439405,1,CLI Installer Smoke,Build dev native CLI (darwin-arm64),step,Set up job,success,,2026-10-02T08:23:09Z,2026-10-02T08:23:11Z,2.0,
36982439405,1,CLI Installer Smoke,Build dev native CLI (darwin-arm64),step,Run actions/checkout@v7,success,,2026-10-02T08:23:11Z,2026-10-02T08:23:14Z,3.0,
36982439405,1,CLI Installer Smoke,Build dev native CLI (darwin-arm64),step,Run pnpm/action-setup@v6,success,,2026-10-02T08:23:14Z,2026-10-02T08:23:19Z,5.0,
36982439405,1,CLI Installer Smoke,Build dev native CLI (darwin-arm64),step,Run actions/setup-node@v7,success,,2026-10-02T08:23:19Z,2026-10-02T08:23:39Z,20.0,
36982439405,1,CLI Installer Smoke,Build dev native CLI (darwin-arm64),step,Run oven-sh/setup-bun@v2,success,,2026-10-02T08:23:39Z,2026-10-02T08:23:41Z,2.0,
36982439405,1,CLI Installer Smoke,Build dev native CLI (darwin-arm64),step,Run pnpm install --frozen-lockfile --filter='!@traderalice/desktop',success,,2026-10-02T08:23:41Z,2026-10-02T08:23:55Z,14.0,
36982439405,1,CLI Installer Smoke,Build dev native CLI (darwin-arm64),step,Download platform-neutral inputs,success,,2026-10-02T08:23:55Z,2026-10-02T08:23:58Z,3.0,
36982439405,1,CLI Installer Smoke,Build dev native CLI (darwin-arm64),step,Verify and install commit-bound neutral inputs,success,,2026-10-02T08:23:58Z,2026-10-02T08:23:58Z,0,
36982439405,1,CLI Installer Smoke,Build dev native CLI (darwin-arm64),step,Accept multiprocess recovery once per dev commit,skipped,,2026-10-02T08:23:58Z,2026-10-02T08:23:58Z,0,
36982439405,1,CLI Installer Smoke,Build dev native CLI (darwin-arm64),step,Run actions/download-artifact@v4,success,,2026-10-02T08:23:58Z,2026-10-02T08:24:04Z,6.0,
36982439405,1,CLI Installer Smoke,Build dev native CLI (darwin-arm64),step,Build native CLI,success,,2026-10-02T08:24:04Z,2026-10-02T08:24:38Z,34.0,
36982439405,1,CLI Installer Smoke,Build dev native CLI (darwin-arm64),step,Name the native acceptance report,success,,2026-10-02T08:24:38Z,2026-10-02T08:24:38Z,0,
36982439405,1,CLI Installer Smoke,Build dev native CLI (darwin-arm64),step,Preserve accepted dev candidate,success,,2026-10-02T08:24:38Z,2026-10-02T08:24:41Z,3.0,
36982439405,1,CLI Installer Smoke,Build dev native CLI (darwin-arm64),step,Post Run oven-sh/setup-bun@v2,success,,2026-10-02T08:24:41Z,2026-10-02T08:24:41Z,0,
36982439405,1,CLI Installer Smoke,Build dev native CLI (darwin-arm64),step,Post Run actions/setup-node@v7,success,,2026-10-02T08:24:41Z,2026-10-02T08:24:41Z,0,
36982439405,1,CLI Installer Smoke,Build dev native CLI (darwin-arm64),step,Post Run pnpm/action-setup@v6,success,,2026-10-02T08:24:41Z,2026-10-02T08:24:41Z,0,
36982439405,1,CLI Installer Smoke,Build dev native CLI (darwin-arm64),step,Post Run actions/checkout@v7,success,,2026-10-02T08:24:41Z,2026-10-02T08:24:41Z,0,
36982439405,1,CLI Installer Smoke,Build dev native CLI (darwin-arm64),step,Complete job,success,,2026-10-02T08:24:41Z,2026-10-02T08:24:42Z,1.0,
36982439405,1,CLI Installer Smoke,Build dev native CLI (linux-x64),job,,success,2026-10-02T08:23:00Z,2026-10-02T08:23:04Z,2026-10-02T08:24:42Z,98.0,4.0
36982439405,1,CLI Installer Smoke,Build dev native CLI (linux-x64),step,Set up job,success,,2026-10-02T08:23:05Z,2026-10-02T08:23:07Z,2.0,
36982439405,1,CLI Installer Smoke,Build dev native CLI (linux-x64),step,Run actions/checkout@v7,success,,2026-10-02T08:23:07Z,2026-10-02T08:23:10Z,3.0,
36982439405,1,CLI Installer Smoke,Build dev native CLI (linux-x64),step,Run pnpm/action-setup@v6,success,,2026-10-02T08:23:10Z,2026-10-02T08:23:17Z,7.0,
36982439405,1,CLI Installer Smoke,Build dev native CLI (linux-x64),step,Run actions/setup-node@v7,success,,2026-10-02T08:23:17Z,2026-10-02T08:23:31Z,14.0,
36982439405,1,CLI Installer Smoke,Build dev native CLI (linux-x64),step,Run oven-sh/setup-bun@v2,success,,2026-10-02T08:23:31Z,2026-10-02T08:23:33Z,2.0,
36982439405,1,CLI Installer Smoke,Build dev native CLI (linux-x64),step,Run pnpm install --frozen-lockfile --filter='!@traderalice/desktop',success,,2026-10-02T08:23:33Z,2026-10-02T08:23:40Z,7.0,
36982439405,1,CLI Installer Smoke,Build dev native CLI (linux-x64),step,Download platform-neutral inputs,success,,2026-10-02T08:23:40Z,2026-10-02T08:23:42Z,2.0,
36982439405,1,CLI Installer Smoke,Build dev native CLI (linux-x64),step,Verify and install commit-bound neutral inputs,success,,2026-10-02T08:23:42Z,2026-10-02T08:23:42Z,0,
36982439405,1,CLI Installer Smoke,Build dev native CLI (linux-x64),step,Accept multiprocess recovery once per dev commit,success,,2026-10-02T08:23:42Z,2026-10-02T08:23:55Z,13.0,
36982439405,1,CLI Installer Smoke,Build dev native CLI (linux-x64),step,Run actions/download-artifact@v4,success,,2026-10-02T08:23:55Z,2026-10-02T08:23:58Z,3.0,
36982439405,1,CLI Installer Smoke,Build dev native CLI (linux-x64),step,Build native CLI,success,,2026-10-02T08:23:58Z,2026-10-02T08:24:36Z,38.0,
36982439405,1,CLI Installer Smoke,Build dev native CLI (linux-x64),step,Name the native acceptance report,success,,2026-10-02T08:24:36Z,2026-10-02T08:24:36Z,0,
36982439405,1,CLI Installer Smoke,Build dev native CLI (linux-x64),step,Preserve accepted dev candidate,success,,2026-10-02T08:24:36Z,2026-10-02T08:24:38Z,2.0,
36982439405,1,CLI Installer Smoke,Build dev native CLI (linux-x64),step,Post Run oven-sh/setup-bun@v2,success,,2026-10-02T08:24:38Z,2026-10-02T08:24:38Z,0,
36982439405,1,CLI Installer Smoke,Build dev native CLI (linux-x64),step,Post Run actions/setup-node@v7,success,,2026-10-02T08:24:38Z,2026-10-02T08:24:39Z,1.0,
36982439405,1,CLI Installer Smoke,Build dev native CLI (linux-x64),step,Post Run pnpm/action-setup@v6,success,,2026-10-02T08:24:39Z,2026-10-02T08:24:39Z,0,
36982439405,1,CLI Installer Smoke,Build dev native CLI (linux-x64),step,Post Run actions/checkout@v7,success,,2026-10-02T08:24:39Z,2026-10-02T08:24:39Z,0,
36982439405,1,CLI Installer Smoke,Build dev native CLI (linux-x64),step,Complete job,success,,2026-10-02T08:24:39Z,2026-10-02T08:24:39Z,0,
36982439405,1,CLI Installer Smoke,Build dev native CLI (linux-arm64),job,,success,2026-10-02T08:23:00Z,2026-10-02T08:23:07Z,2026-10-02T08:24:43Z,96.0,7.0
36982439405,1,CLI Installer Smoke,Build dev native CLI (linux-arm64),step,Set up job,success,,2026-10-02T08:23:08Z,2026-10-02T08:23:10Z,2.0,
36982439405,1,CLI Installer Smoke,Build dev native CLI (linux-arm64),step,Run actions/checkout@v7,success,,2026-10-02T08:23:10Z,2026-10-02T08:23:13Z,3.0,
36982439405,1,CLI Installer Smoke,Build dev native CLI (linux-arm64),step,Run pnpm/action-setup@v6,success,,2026-10-02T08:23:13Z,2026-10-02T08:23:18Z,5.0,
36982439405,1,CLI Installer Smoke,Build dev native CLI (linux-arm64),step,Run actions/setup-node@v7,success,,2026-10-02T08:23:18Z,2026-10-02T08:23:28Z,10.0,
36982439405,1,CLI Installer Smoke,Build dev native CLI (linux-arm64),step,Run oven-sh/setup-bun@v2,success,,2026-10-02T08:23:28Z,2026-10-02T08:23:30Z,2.0,
36982439405,1,CLI Installer Smoke,Build dev native CLI (linux-arm64),step,Run pnpm install --frozen-lockfile --filter='!@traderalice/desktop',success,,2026-10-02T08:23:30Z,2026-10-02T08:23:37Z,7.0,
36982439405,1,CLI Installer Smoke,Build dev native CLI (linux-arm64),step,Download platform-neutral inputs,success,,2026-10-02T08:23:37Z,2026-10-02T08:23:39Z,2.0,
36982439405,1,CLI Installer Smoke,Build dev native CLI (linux-arm64),step,Verify and install commit-bound neutral inputs,success,,2026-10-02T08:23:39Z,2026-10-02T08:23:40Z,1.0,
36982439405,1,CLI Installer Smoke,Build dev native CLI (linux-arm64),step,Accept multiprocess recovery once per dev commit,skipped,,2026-10-02T08:23:40Z,2026-10-02T08:23:40Z,0,
36982439405,1,CLI Installer Smoke,Build dev native CLI (linux-arm64),step,Run actions/download-artifact@v4,success,,2026-10-02T08:23:40Z,2026-10-02T08:24:02Z,22.0,
36982439405,1,CLI Installer Smoke,Build dev native CLI (linux-arm64),step,Build native CLI,success,,2026-10-02T08:24:02Z,2026-10-02T08:24:37Z,35.0,
36982439405,1,CLI Installer Smoke,Build dev native CLI (linux-arm64),step,Name the native acceptance report,success,,2026-10-02T08:24:37Z,2026-10-02T08:24:37Z,0,
36982439405,1,CLI Installer Smoke,Build dev native CLI (linux-arm64),step,Preserve accepted dev candidate,success,,2026-10-02T08:24:37Z,2026-10-02T08:24:39Z,2.0,
36982439405,1,CLI Installer Smoke,Build dev native CLI (linux-arm64),step,Post Run oven-sh/setup-bun@v2,success,,2026-10-02T08:24:39Z,2026-10-02T08:24:39Z,0,
36982439405,1,CLI Installer Smoke,Build dev native CLI (linux-arm64),step,Post Run actions/setup-node@v7,success,,2026-10-02T08:24:39Z,2026-10-02T08:24:39Z,0,
36982439405,1,CLI Installer Smoke,Build dev native CLI (linux-arm64),step,Post Run pnpm/action-setup@v6,success,,2026-10-02T08:24:39Z,2026-10-02T08:24:40Z,1.0,
36982439405,1,CLI Installer Smoke,Build dev native CLI (linux-arm64),step,Post Run actions/checkout@v7,success,,2026-10-02T08:24:40Z,2026-10-02T08:24:40Z,0,
36982439405,1,CLI Installer Smoke,Build dev native CLI (linux-arm64),step,Complete job,success,,2026-10-02T08:24:40Z,2026-10-02T08:24:40Z,0,
36982439405,1,CLI Installer Smoke,build-dev-cli-windows / Windows CLI (x64),job,,success,2026-10-02T08:23:00Z,2026-10-02T08:23:04Z,2026-10-02T08:24:01Z,57.0,4.0
36982439405,1,CLI Installer Smoke,build-dev-cli-windows / Windows CLI (x64),step,Set up job,success,,2026-10-02T08:23:05Z,2026-10-02T08:23:08Z,3.0,
36982439405,1,CLI Installer Smoke,build-dev-cli-windows / Windows CLI (x64),step,Run actions/checkout@v7,success,,2026-10-02T08:23:08Z,2026-10-02T08:23:11Z,3.0,
36982439405,1,CLI Installer Smoke,build-dev-cli-windows / Windows CLI (x64),step,Run pnpm/action-setup@v6,success,,2026-10-02T08:23:11Z,2026-10-02T08:23:16Z,5.0,
36982439405,1,CLI Installer Smoke,build-dev-cli-windows / Windows CLI (x64),step,Run actions/setup-node@v7,success,,2026-10-02T08:23:16Z,2026-10-02T08:23:32Z,16.0,
36982439405,1,CLI Installer Smoke,build-dev-cli-windows / Windows CLI (x64),step,Run oven-sh/setup-bun@v2,success,,2026-10-02T08:23:32Z,2026-10-02T08:23:34Z,2.0,
36982439405,1,CLI Installer Smoke,build-dev-cli-windows / Windows CLI (x64),step,Run pnpm install --frozen-lockfile --filter='!@traderalice/desktop',success,,2026-10-02T08:23:34Z,2026-10-02T08:23:41Z,7.0,
36982439405,1,CLI Installer Smoke,build-dev-cli-windows / Windows CLI (x64),step,Run pnpm build:server,skipped,,2026-10-02T08:23:41Z,2026-10-02T08:23:41Z,0,
36982439405,1,CLI Installer Smoke,build-dev-cli-windows / Windows CLI (x64),step,Reuse shared server inputs,success,,2026-10-02T08:23:41Z,2026-10-02T08:23:43Z,2.0,
36982439405,1,CLI Installer Smoke,build-dev-cli-windows / Windows CLI (x64),step,Verify shared server inputs,success,,2026-10-02T08:23:43Z,2026-10-02T08:23:43Z,0,
36982439405,1,CLI Installer Smoke,build-dev-cli-windows / Windows CLI (x64),step,Run actions/download-artifact@v4,success,,2026-10-02T08:23:43Z,2026-10-02T08:23:45Z,2.0,
36982439405,1,CLI Installer Smoke,build-dev-cli-windows / Windows CLI (x64),step,Assemble preview before native acceptance,success,,2026-10-02T08:23:45Z,2026-10-02T08:23:55Z,10.0,
36982439405,1,CLI Installer Smoke,build-dev-cli-windows / Windows CLI (x64),step,Preserve complete candidate for reproduction,success,,2026-10-02T08:23:55Z,2026-10-02T08:23:57Z,2.0,
36982439405,1,CLI Installer Smoke,build-dev-cli-windows / Windows CLI (x64),step,Reuse an existing candidate without installing dependencies or rebuilding,skipped,,2026-10-02T08:23:57Z,2026-10-02T08:23:57Z,0,
36982439405,1,CLI Installer Smoke,build-dev-cli-windows / Windows CLI (x64),step,Check native ConPTY input resize and independent termination,skipped,,2026-10-02T08:23:57Z,2026-10-02T08:23:57Z,0,
36982439405,1,CLI Installer Smoke,build-dev-cli-windows / Windows CLI (x64),step,Install and start the packaged Runtime,skipped,,2026-10-02T08:23:57Z,2026-10-02T08:23:57Z,0,
36982439405,1,CLI Installer Smoke,build-dev-cli-windows / Windows CLI (x64),step,Accept Windows npm and Bun native command shims,skipped,,2026-10-02T08:23:57Z,2026-10-02T08:23:57Z,0,
36982439405,1,CLI Installer Smoke,build-dev-cli-windows / Windows CLI (x64),step,Preserve native verification receipt,success,,2026-10-02T08:23:57Z,2026-10-02T08:23:57Z,0,
36982439405,1,CLI Installer Smoke,build-dev-cli-windows / Windows CLI (x64),step,Post Run oven-sh/setup-bun@v2,success,,2026-10-02T08:23:57Z,2026-10-02T08:23:57Z,0,
36982439405,1,CLI Installer Smoke,build-dev-cli-windows / Windows CLI (x64),step,Post Run actions/setup-node@v7,success,,2026-10-02T08:23:57Z,2026-10-02T08:23:58Z,1.0,
36982439405,1,CLI Installer Smoke,build-dev-cli-windows / Windows CLI (x64),step,Post Run pnpm/action-setup@v6,success,,2026-10-02T08:23:58Z,2026-10-02T08:23:58Z,0,
36982439405,1,CLI Installer Smoke,build-dev-cli-windows / Windows CLI (x64),step,Post Run actions/checkout@v7,success,,2026-10-02T08:23:58Z,2026-10-02T08:23:58Z,0,
36982439405,1,CLI Installer Smoke,build-dev-cli-windows / Windows CLI (x64),step,Complete job,success,,2026-10-02T08:23:58Z,2026-10-02T08:23:58Z,0,
36982439405,1,CLI Installer Smoke,build-dev-cli-windows / Windows CLI (arm64),job,,success,2026-10-02T08:23:00Z,2026-10-02T08:23:04Z,2026-10-02T08:23:44Z,40.0,4.0
36982439405,1,CLI Installer Smoke,build-dev-cli-windows / Windows CLI (arm64),step,Set up job,success,,2026-10-02T08:23:04Z,2026-10-02T08:23:06Z,2.0,
36982439405,1,CLI Installer Smoke,build-dev-cli-windows / Windows CLI (arm64),step,Run actions/checkout@v7,success,,2026-10-02T08:23:06Z,2026-10-02T08:23:08Z,2.0,
36982439405,1,CLI Installer Smoke,build-dev-cli-windows / Windows CLI (arm64),step,Run pnpm/action-setup@v6,success,,2026-10-02T08:23:08Z,2026-10-02T08:23:12Z,4.0,
36982439405,1,CLI Installer Smoke,build-dev-cli-windows / Windows CLI (arm64),step,Run actions/setup-node@v7,success,,2026-10-02T08:23:12Z,2026-10-02T08:23:23Z,11.0,
36982439405,1,CLI Installer Smoke,build-dev-cli-windows / Windows CLI (arm64),step,Run oven-sh/setup-bun@v2,success,,2026-10-02T08:23:23Z,2026-10-02T08:23:24Z,1.0,
36982439405,1,CLI Installer Smoke,build-dev-cli-windows / Windows CLI (arm64),step,Run pnpm install --frozen-lockfile --filter='!@traderalice/desktop',success,,2026-10-02T08:23:24Z,2026-10-02T08:23:31Z,7.0,
36982439405,1,CLI Installer Smoke,build-dev-cli-windows / Windows CLI (arm64),step,Run pnpm build:server,skipped,,2026-10-02T08:23:31Z,2026-10-02T08:23:31Z,0,
36982439405,1,CLI Installer Smoke,build-dev-cli-windows / Windows CLI (arm64),step,Reuse shared server inputs,success,,2026-10-02T08:23:31Z,2026-10-02T08:23:32Z,1.0,
36982439405,1,CLI Installer Smoke,build-dev-cli-windows / Windows CLI (arm64),step,Verify shared server inputs,success,,2026-10-02T08:23:32Z,2026-10-02T08:23:32Z,0,
36982439405,1,CLI Installer Smoke,build-dev-cli-windows / Windows CLI (arm64),step,Run actions/download-artifact@v4,success,,2026-10-02T08:23:32Z,2026-10-02T08:23:33Z,1.0,
36982439405,1,CLI Installer Smoke,build-dev-cli-windows / Windows CLI (arm64),step,Assemble preview before native acceptance,success,,2026-10-02T08:23:33Z,2026-10-02T08:23:40Z,7.0,
36982439405,1,CLI Installer Smoke,build-dev-cli-windows / Windows CLI (arm64),step,Preserve complete candidate for reproduction,success,,2026-10-02T08:23:40Z,2026-10-02T08:23:42Z,2.0,
36982439405,1,CLI Installer Smoke,build-dev-cli-windows / Windows CLI (arm64),step,Reuse an existing candidate without installing dependencies or rebuilding,skipped,,2026-10-02T08:23:42Z,2026-10-02T08:23:42Z,0,
36982439405,1,CLI Installer Smoke,build-dev-cli-windows / Windows CLI (arm64),step,Check native ConPTY input resize and independent termination,skipped,,2026-10-02T08:23:42Z,2026-10-02T08:23:42Z,0,
36982439405,1,CLI Installer Smoke,build-dev-cli-windows / Windows CLI (arm64),step,Install and start the packaged Runtime,skipped,,2026-10-02T08:23:42Z,2026-10-02T08:23:42Z,0,
36982439405,1,CLI Installer Smoke,build-dev-cli-windows / Windows CLI (arm64),step,Accept Windows npm and Bun native command shims,skipped,,2026-10-02T08:23:42Z,2026-10-02T08:23:42Z,0,
36982439405,1,CLI Installer Smoke,build-dev-cli-windows / Windows CLI (arm64),step,Preserve native verification receipt,success,,2026-10-02T08:23:42Z,2026-10-02T08:23:42Z,0,
36982439405,1,CLI Installer Smoke,build-dev-cli-windows / Windows CLI (arm64),step,Post Run oven-sh/setup-bun@v2,success,,2026-10-02T08:23:42Z,2026-10-02T08:23:42Z,0,
36982439405,1,CLI Installer Smoke,build-dev-cli-windows / Windows CLI (arm64),step,Post Run actions/setup-node@v7,success,,2026-10-02T08:23:42Z,2026-10-02T08:23:42Z,0,
36982439405,1,CLI Installer Smoke,build-dev-cli-windows / Windows CLI (arm64),step,Post Run pnpm/action-setup@v6,success,,2026-10-02T08:23:42Z,2026-10-02T08:23:42Z,0,
36982439405,1,CLI Installer Smoke,build-dev-cli-windows / Windows CLI (arm64),step,Post Run actions/checkout@v7,success,,2026-10-02T08:23:42Z,2026-10-02T08:23:43Z,1.0,
36982439405,1,CLI Installer Smoke,build-dev-cli-windows / Windows CLI (arm64),step,Complete job,success,,2026-10-02T08:23:43Z,2026-10-02T08:23:43Z,0,
36982439405,1,CLI Installer Smoke,Publish immutable dev CLI candidate,job,,success,2026-10-02T08:26:07Z,2026-10-02T08:26:10Z,2026-10-02T08:28:48Z,158.0,3.0
36982439405,1,CLI Installer Smoke,Publish immutable dev CLI candidate,step,Set up job,success,,2026-10-02T08:26:10Z,2026-10-02T08:26:13Z,3.0,
36982439405,1,CLI Installer Smoke,Publish immutable dev CLI candidate,step,Run actions/checkout@v7,success,,2026-10-02T08:26:13Z,2026-10-02T08:26:15Z,2.0,
36982439405,1,CLI Installer Smoke,Publish immutable dev CLI candidate,step,Run actions/setup-node@v7,success,,2026-10-02T08:26:15Z,2026-10-02T08:26:19Z,4.0,
36982439405,1,CLI Installer Smoke,Publish immutable dev CLI candidate,step,Run actions/download-artifact@v4,success,,2026-10-02T08:26:19Z,2026-10-02T08:26:22Z,3.0,
36982439405,1,CLI Installer Smoke,Publish immutable dev CLI candidate,step,Run actions/download-artifact@v4,success,,2026-10-02T08:26:22Z,2026-10-02T08:26:25Z,3.0,
36982439405,1,CLI Installer Smoke,Publish immutable dev CLI candidate,step,Validate candidates and prepare candidate receipt,success,,2026-10-02T08:26:25Z,2026-10-02T08:26:42Z,17.0,
36982439405,1,CLI Installer Smoke,Publish immutable dev CLI candidate,step,Install AWS CLI,success,,2026-10-02T08:26:42Z,2026-10-02T08:26:47Z,5.0,
36982439405,1,CLI Installer Smoke,Publish immutable dev CLI candidate,step,Publish immutable candidate without overwriting accepted bytes,success,,2026-10-02T08:26:47Z,2026-10-02T08:28:45Z,118.0,
36982439405,1,CLI Installer Smoke,Publish immutable dev CLI candidate,step,Preserve candidate activation receipt,success,,2026-10-02T08:28:45Z,2026-10-02T08:28:45Z,0,
36982439405,1,CLI Installer Smoke,Publish immutable dev CLI candidate,step,Post Run actions/setup-node@v7,success,,2026-10-02T08:28:45Z,2026-10-02T08:28:46Z,1.0,
36982439405,1,CLI Installer Smoke,Publish immutable dev CLI candidate,step,Post Run actions/checkout@v7,success,,2026-10-02T08:28:46Z,2026-10-02T08:28:46Z,0,
36982439405,1,CLI Installer Smoke,Publish immutable dev CLI candidate,step,Complete job,success,,2026-10-02T08:28:46Z,2026-10-02T08:28:46Z,0,
36982439405,1,CLI Installer Smoke,Activate current dev CLI channel,job,,success,2026-10-02T08:28:48Z,2026-10-02T08:28:54Z,2026-10-02T08:29:37Z,43.0,6.0
36982439405,1,CLI Installer Smoke,Activate current dev CLI channel,step,Set up job,success,,2026-10-02T08:28:55Z,2026-10-02T08:28:57Z,2.0,
36982439405,1,CLI Installer Smoke,Activate current dev CLI channel,step,Run actions/checkout@v7,success,,2026-10-02T08:28:57Z,2026-10-02T08:29:00Z,3.0,
36982439405,1,CLI Installer Smoke,Activate current dev CLI channel,step,Check whether candidate is current dev head,success,,2026-10-02T08:29:00Z,2026-10-02T08:29:00Z,0,
36982439405,1,CLI Installer Smoke,Activate current dev CLI channel,step,Run actions/setup-node@v7,success,,2026-10-02T08:29:00Z,2026-10-02T08:29:05Z,5.0,
36982439405,1,CLI Installer Smoke,Activate current dev CLI channel,step,Run actions/download-artifact@v4,success,,2026-10-02T08:29:05Z,2026-10-02T08:29:09Z,4.0,
36982439405,1,CLI Installer Smoke,Activate current dev CLI channel,step,Run actions/download-artifact@v4,success,,2026-10-02T08:29:09Z,2026-10-02T08:29:09Z,0,
36982439405,1,CLI Installer Smoke,Activate current dev CLI channel,step,Install AWS CLI,success,,2026-10-02T08:29:09Z,2026-10-02T08:29:14Z,5.0,
36982439405,1,CLI Installer Smoke,Activate current dev CLI channel,step,Revalidate dev head before mutable activation,success,,2026-10-02T08:29:14Z,2026-10-02T08:29:15Z,1.0,
36982439405,1,CLI Installer Smoke,Activate current dev CLI channel,step,Activate manifest and transitional aliases,success,,2026-10-02T08:29:15Z,2026-10-02T08:29:34Z,19.0,
36982439405,1,CLI Installer Smoke,Activate current dev CLI channel,step,Post Run actions/setup-node@v7,success,,2026-10-02T08:29:34Z,2026-10-02T08:29:34Z,0,
36982439405,1,CLI Installer Smoke,Activate current dev CLI channel,step,Post Run actions/checkout@v7,success,,2026-10-02T08:29:34Z,2026-10-02T08:29:34Z,0,
36982439405,1,CLI Installer Smoke,Activate current dev CLI channel,step,Complete job,success,,2026-10-02T08:29:34Z,2026-10-02T08:29:34Z,0,
36982439405,1,CLI Installer Smoke,Live raw dev channel install,job,,success,2026-10-02T08:29:37Z,2026-10-02T08:29:40Z,2026-10-02T08:30:13Z,33.0,3.0
36982439405,1,CLI Installer Smoke,Live raw dev channel install,step,Set up job,success,,2026-10-02T08:29:40Z,2026-10-02T08:29:41Z,1.0,
36982439405,1,CLI Installer Smoke,Live raw dev channel install,step,Run actions/checkout@v7,success,,2026-10-02T08:29:41Z,2026-10-02T08:29:43Z,2.0,
36982439405,1,CLI Installer Smoke,Live raw dev channel install,step,Run actions/setup-node@v7,success,,2026-10-02T08:29:43Z,2026-10-02T08:29:48Z,5.0,
36982439405,1,CLI Installer Smoke,Live raw dev channel install,step,Install raw dev script and dev payload in a clean host,success,,2026-10-02T08:29:48Z,2026-10-02T08:30:10Z,22.0,
36982439405,1,CLI Installer Smoke,Live raw dev channel install,step,Post Run actions/setup-node@v7,success,,2026-10-02T08:30:10Z,2026-10-02T08:30:10Z,0,
36982439405,1,CLI Installer Smoke,Live raw dev channel install,step,Post Run actions/checkout@v7,success,,2026-10-02T08:30:10Z,2026-10-02T08:30:11Z,1.0,
36982439405,1,CLI Installer Smoke,Live raw dev channel install,step,Complete job,success,,2026-10-02T08:30:11Z,2026-10-02T08:30:11Z,0,
36987876788,1,Full Source Validation,source-contracts,job,,success,2026-10-02T09:06:33Z,2026-10-02T09:06:35Z,2026-10-02T09:08:49Z,134.0,2.0
36987876788,1,Full Source Validation,source-contracts,step,Set up job,success,,2026-10-02T09:06:36Z,2026-10-02T09:06:37Z,1.0,
36987876788,1,Full Source Validation,source-contracts,step,Run actions/checkout@v7,success,,2026-10-02T09:06:37Z,2026-10-02T09:06:41Z,4.0,
36987876788,1,Full Source Validation,source-contracts,step,Run actions/setup-node@v7,success,,2026-10-02T09:06:41Z,2026-10-02T09:06:42Z,1.0,
36987876788,1,Full Source Validation,source-contracts,step,Detect exact beta release preparation,success,,2026-10-02T09:06:42Z,2026-10-02T09:06:42Z,0,
36987876788,1,Full Source Validation,source-contracts,step,Run pnpm/action-setup@v6,success,,2026-10-02T09:06:42Z,2026-10-02T09:06:45Z,3.0,
36987876788,1,Full Source Validation,source-contracts,step,Run actions/setup-node@v7,success,,2026-10-02T09:06:45Z,2026-10-02T09:06:46Z,1.0,
36987876788,1,Full Source Validation,source-contracts,step,Run pnpm install --frozen-lockfile,success,,2026-10-02T09:06:46Z,2026-10-02T09:07:08Z,22.0,
36987876788,1,Full Source Validation,source-contracts,step,Verify CI workflow contracts,success,,2026-10-02T09:07:08Z,2026-10-02T09:07:20Z,12.0,
36987876788,1,Full Source Validation,source-contracts,step,Verify required local product and protocol evidence,success,,2026-10-02T09:07:20Z,2026-10-02T09:07:33Z,13.0,
36987876788,1,Full Source Validation,source-contracts,step,Upload required evidence receipt,success,,2026-10-02T09:07:33Z,2026-10-02T09:07:34Z,1.0,
36987876788,1,Full Source Validation,source-contracts,step,Typecheck root workspace,success,,2026-10-02T09:07:34Z,2026-10-02T09:07:50Z,16.0,
36987876788,1,Full Source Validation,source-contracts,step,Typecheck registered suites,success,,2026-10-02T09:07:50Z,2026-10-02T09:08:42Z,52.0,
36987876788,1,Full Source Validation,source-contracts,step,Post Run actions/setup-node@v7,success,,2026-10-02T09:08:42Z,2026-10-02T09:08:47Z,5.0,
36987876788,1,Full Source Validation,source-contracts,step,Post Run pnpm/action-setup@v6,success,,2026-10-02T09:08:47Z,2026-10-02T09:08:47Z,0,
36987876788,1,Full Source Validation,source-contracts,step,Post Run actions/setup-node@v7,success,,2026-10-02T09:08:47Z,2026-10-02T09:08:47Z,0,
36987876788,1,Full Source Validation,source-contracts,step,Post Run actions/checkout@v7,success,,2026-10-02T09:08:47Z,2026-10-02T09:08:47Z,0,
36987876788,1,Full Source Validation,source-contracts,step,Complete job,success,,2026-10-02T09:08:47Z,2026-10-02T09:08:47Z,0,
36987876788,1,Full Source Validation,dev-smoke,job,,failure,2026-10-02T09:08:49Z,2026-10-02T09:08:52Z,2026-10-02T09:09:59Z,67.0,3.0
36987876788,1,Full Source Validation,dev-smoke,step,Set up job,success,,2026-10-02T09:08:52Z,2026-10-02T09:08:53Z,1.0,
36987876788,1,Full Source Validation,dev-smoke,step,Run actions/checkout@v7,success,,2026-10-02T09:08:53Z,2026-10-02T09:09:00Z,7.0,
36987876788,1,Full Source Validation,dev-smoke,step,Run pnpm/action-setup@v6,success,,2026-10-02T09:09:00Z,2026-10-02T09:09:20Z,20.0,
36987876788,1,Full Source Validation,dev-smoke,step,Run actions/setup-node@v7,success,,2026-10-02T09:09:20Z,2026-10-02T09:09:26Z,6.0,
36987876788,1,Full Source Validation,dev-smoke,step,Run pnpm install --frozen-lockfile --filter='!@traderalice/desktop',success,,2026-10-02T09:09:26Z,2026-10-02T09:09:50Z,24.0,
36987876788,1,Full Source Validation,dev-smoke,step,Exercise Guardian recovery with real child processes,failure,,2026-10-02T09:09:50Z,2026-10-02T09:09:56Z,6.0,
36987876788,1,Full Source Validation,dev-smoke,step,Boot the complete development stack,skipped,,2026-10-02T09:09:56Z,2026-10-02T09:09:56Z,0,
36987876788,1,Full Source Validation,dev-smoke,step,Post Run actions/setup-node@v7,skipped,,2026-10-02T09:09:56Z,2026-10-02T09:09:56Z,0,
36987876788,1,Full Source Validation,dev-smoke,step,Post Run pnpm/action-setup@v6,success,,2026-10-02T09:09:56Z,2026-10-02T09:09:56Z,0,
36987876788,1,Full Source Validation,dev-smoke,step,Post Run actions/checkout@v7,success,,2026-10-02T09:09:56Z,2026-10-02T09:09:58Z,2.0,
36987876788,1,Full Source Validation,dev-smoke,step,Complete job,success,,2026-10-02T09:09:58Z,2026-10-02T09:09:58Z,0,
36987876788,1,Full Source Validation,workspace-build,job,,skipped,2026-10-02T09:08:49Z,2026-10-02T09:08:49Z,2026-10-02T09:08:49Z,0,0
36987876788,1,Full Source Validation,hermetic-tests,job,,skipped,2026-10-02T09:08:49Z,2026-10-02T09:08:49Z,2026-10-02T09:08:49Z,0,0
36987876788,1,Full Source Validation,cross-platform-test,job,,skipped,2026-10-02T09:08:49Z,2026-10-02T09:08:49Z,2026-10-02T09:08:49Z,0,0
36987876889,1,Desktop Package Smoke,fast preflight,job,,success,2026-10-02T09:06:33Z,2026-10-02T09:06:36Z,2026-10-02T09:08:05Z,89.0,3.0
36987876889,1,Desktop Package Smoke,fast preflight,step,Set up job,success,,2026-10-02T09:06:37Z,2026-10-02T09:06:39Z,2.0,
36987876889,1,Desktop Package Smoke,fast preflight,step,Run actions/checkout@v7,success,,2026-10-02T09:06:39Z,2026-10-02T09:06:45Z,6.0,
36987876889,1,Desktop Package Smoke,fast preflight,step,Run actions/setup-node@v7,success,,2026-10-02T09:06:45Z,2026-10-02T09:06:56Z,11.0,
36987876889,1,Desktop Package Smoke,fast preflight,step,Detect exact beta release preparation,success,,2026-10-02T09:06:56Z,2026-10-02T09:06:56Z,0,
36987876889,1,Desktop Package Smoke,fast preflight,step,Run pnpm/action-setup@v6,success,,2026-10-02T09:06:56Z,2026-10-02T09:07:03Z,7.0,
36987876889,1,Desktop Package Smoke,fast preflight,step,Run actions/setup-node@v7,success,,2026-10-02T09:07:03Z,2026-10-02T09:07:04Z,1.0,
36987876889,1,Desktop Package Smoke,fast preflight,step,Install dependencies,success,,2026-10-02T09:07:04Z,2026-10-02T09:07:24Z,20.0,
36987876889,1,Desktop Package Smoke,fast preflight,step,Verify CI workflow contracts,success,,2026-10-02T09:07:24Z,2026-10-02T09:07:37Z,13.0,
36987876889,1,Desktop Package Smoke,fast preflight,step,Typecheck root workspace,success,,2026-10-02T09:07:37Z,2026-10-02T09:07:55Z,18.0,
36987876889,1,Desktop Package Smoke,fast preflight,step,Post Run actions/setup-node@v7,success,,2026-10-02T09:07:55Z,2026-10-02T09:08:02Z,7.0,
36987876889,1,Desktop Package Smoke,fast preflight,step,Post Run pnpm/action-setup@v6,success,,2026-10-02T09:08:02Z,2026-10-02T09:08:02Z,0,
36987876889,1,Desktop Package Smoke,fast preflight,step,Post Run actions/setup-node@v7,success,,2026-10-02T09:08:02Z,2026-10-02T09:08:02Z,0,
36987876889,1,Desktop Package Smoke,fast preflight,step,Post Run actions/checkout@v7,success,,2026-10-02T09:08:02Z,2026-10-02T09:08:03Z,1.0,
36987876889,1,Desktop Package Smoke,fast preflight,step,Complete job,success,,2026-10-02T09:08:03Z,2026-10-02T09:08:03Z,0,
36987876889,1,Desktop Package Smoke,broker-packs windows-latest,job,,cancelled,2026-10-02T09:08:06Z,2026-10-02T09:08:10Z,2026-10-02T09:14:05Z,355.0,4.0
36987876889,1,Desktop Package Smoke,broker-packs windows-latest,step,Set up job,success,,2026-10-02T09:08:11Z,2026-10-02T09:08:12Z,1.0,
36987876889,1,Desktop Package Smoke,broker-packs windows-latest,step,Run actions/checkout@v7,success,,2026-10-02T09:08:12Z,2026-10-02T09:08:22Z,10.0,
36987876889,1,Desktop Package Smoke,broker-packs windows-latest,step,Run pnpm/action-setup@v6,success,,2026-10-02T09:08:22Z,2026-10-02T09:08:41Z,19.0,
36987876889,1,Desktop Package Smoke,broker-packs windows-latest,step,Run actions/setup-node@v7,success,,2026-10-02T09:08:41Z,2026-10-02T09:08:50Z,9.0,
36987876889,1,Desktop Package Smoke,broker-packs windows-latest,step,Install dependencies,success,,2026-10-02T09:08:50Z,2026-10-02T09:09:25Z,35.0,
36987876889,1,Desktop Package Smoke,broker-packs windows-latest,step,Run oven-sh/setup-bun@v2,success,,2026-10-02T09:09:25Z,2026-10-02T09:09:27Z,2.0,
36987876889,1,Desktop Package Smoke,broker-packs windows-latest,step,Build optional Broker Packs on Windows,success,,2026-10-02T09:09:27Z,2026-10-02T09:13:18Z,231.0,
36987876889,1,Desktop Package Smoke,broker-packs windows-latest,step,Verify Broker Packs in compiled runtime,cancelled,,2026-10-02T09:13:18Z,2026-10-02T09:14:01Z,43.0,
36987876889,1,Desktop Package Smoke,broker-packs windows-latest,step,Prove previous-release Broker Pack upgrade on Windows,skipped,,2026-10-02T09:14:01Z,2026-10-02T09:14:01Z,0,
36987876889,1,Desktop Package Smoke,broker-packs windows-latest,step,Post Run oven-sh/setup-bun@v2,skipped,,2026-10-02T09:14:01Z,2026-10-02T09:14:01Z,0,
36987876889,1,Desktop Package Smoke,broker-packs windows-latest,step,Post Run actions/setup-node@v7,skipped,,2026-10-02T09:14:01Z,2026-10-02T09:14:01Z,0,
36987876889,1,Desktop Package Smoke,broker-packs windows-latest,step,Post Run pnpm/action-setup@v6,success,,2026-10-02T09:14:01Z,2026-10-02T09:14:01Z,0,
36987876889,1,Desktop Package Smoke,broker-packs windows-latest,step,Post Run actions/checkout@v7,success,,2026-10-02T09:14:01Z,2026-10-02T09:14:04Z,3.0,
36987876889,1,Desktop Package Smoke,broker-packs windows-latest,step,Complete job,success,,2026-10-02T09:14:04Z,2026-10-02T09:14:04Z,0,
36987876889,1,Desktop Package Smoke,package windows-latest,job,,cancelled,2026-10-02T09:08:06Z,2026-10-02T09:08:10Z,2026-10-02T09:14:42Z,392.0,4.0
36987876889,1,Desktop Package Smoke,package windows-latest,step,Set up job,success,,2026-10-02T09:08:11Z,2026-10-02T09:08:13Z,2.0,
36987876889,1,Desktop Package Smoke,package windows-latest,step,Run actions/checkout@v7,success,,2026-10-02T09:08:13Z,2026-10-02T09:08:24Z,11.0,
36987876889,1,Desktop Package Smoke,package windows-latest,step,Run pnpm/action-setup@v6,success,,2026-10-02T09:08:24Z,2026-10-02T09:08:44Z,20.0,
36987876889,1,Desktop Package Smoke,package windows-latest,step,Run actions/setup-node@v7,success,,2026-10-02T09:08:44Z,2026-10-02T09:08:50Z,6.0,
36987876889,1,Desktop Package Smoke,package windows-latest,step,Install dependencies,success,,2026-10-02T09:08:50Z,2026-10-02T09:09:26Z,36.0,
36987876889,1,Desktop Package Smoke,package windows-latest,step,Verify bundled git (dugite) was fetched,skipped,,2026-10-02T09:09:26Z,2026-10-02T09:09:26Z,0,
36987876889,1,Desktop Package Smoke,package windows-latest,step,Verify package inspectors on the native host,success,,2026-10-02T09:09:26Z,2026-10-02T09:09:30Z,4.0,
36987876889,1,Desktop Package Smoke,package windows-latest,step,Build Alice + UTA + desktop shell,success,,2026-10-02T09:09:30Z,2026-10-02T09:11:41Z,131.0,
36987876889,1,Desktop Package Smoke,package windows-latest,step,Smoke native companion interaction,success,,2026-10-02T09:11:41Z,2026-10-02T09:11:47Z,6.0,
36987876889,1,Desktop Package Smoke,package windows-latest,step,Smoke Guardian takeover through Electron,success,,2026-10-02T09:11:47Z,2026-10-02T09:12:05Z,18.0,
36987876889,1,Desktop Package Smoke,package windows-latest,step,Smoke existing-owner browser handoff through Electron,success,,2026-10-02T09:12:05Z,2026-10-02T09:12:08Z,3.0,
36987876889,1,Desktop Package Smoke,package windows-latest,step,Vendor managed workspace runtime,success,,2026-10-02T09:12:08Z,2026-10-02T09:12:41Z,33.0,
36987876889,1,Desktop Package Smoke,package windows-latest,step,Verify managed Pi runtime,success,,2026-10-02T09:12:41Z,2026-10-02T09:12:43Z,2.0,
36987876889,1,Desktop Package Smoke,package windows-latest,step,Package unpacked desktop app,cancelled,,2026-10-02T09:12:43Z,2026-10-02T09:14:34Z,111.0,
36987876889,1,Desktop Package Smoke,package windows-latest,step,Assert packaged resource layout,skipped,,2026-10-02T09:14:34Z,2026-10-02T09:14:34Z,0,
36987876889,1,Desktop Package Smoke,package windows-latest,step,Smoke packaged managed toolchain,skipped,,2026-10-02T09:14:34Z,2026-10-02T09:14:34Z,0,
36987876889,1,Desktop Package Smoke,package windows-latest,step,Prove packaged Workspace CLI acceptance,skipped,,2026-10-02T09:14:34Z,2026-10-02T09:14:34Z,0,
36987876889,1,Desktop Package Smoke,package windows-latest,step,Prove packaged Workspace CLI acceptance and Windows build wrapper,skipped,,2026-10-02T09:14:34Z,2026-10-02T09:14:34Z,0,
36987876889,1,Desktop Package Smoke,package windows-latest,step,Upload Workspace acceptance receipt,success,,2026-10-02T09:14:34Z,2026-10-02T09:14:35Z,1.0,
36987876889,1,Desktop Package Smoke,package windows-latest,step,Prove previous desktop release state upgrades to the candidate,skipped,,2026-10-02T09:14:35Z,2026-10-02T09:14:35Z,0,
36987876889,1,Desktop Package Smoke,package windows-latest,step,Upload desktop upgrade acceptance receipt,failure,,2026-10-02T09:14:35Z,2026-10-02T09:14:36Z,1.0,
36987876889,1,Desktop Package Smoke,package windows-latest,step,Post Run actions/setup-node@v7,skipped,,2026-10-02T09:14:36Z,2026-10-02T09:14:36Z,0,
36987876889,1,Desktop Package Smoke,package windows-latest,step,Post Run pnpm/action-setup@v6,success,,2026-10-02T09:14:36Z,2026-10-02T09:14:36Z,0,
36987876889,1,Desktop Package Smoke,package windows-latest,step,Post Run actions/checkout@v7,success,,2026-10-02T09:14:36Z,2026-10-02T09:14:39Z,3.0,
36987876889,1,Desktop Package Smoke,package windows-latest,step,Complete job,success,,2026-10-02T09:14:39Z,2026-10-02T09:14:39Z,0,
36987876889,1,Desktop Package Smoke,package macos-14,job,,failure,2026-10-02T09:08:06Z,2026-10-02T09:08:13Z,2026-10-02T09:13:32Z,319.0,7.0
36987876889,1,Desktop Package Smoke,package macos-14,step,Set up job,success,,2026-10-02T09:08:13Z,2026-10-02T09:08:14Z,1.0,
36987876889,1,Desktop Package Smoke,package macos-14,step,Run actions/checkout@v7,success,,2026-10-02T09:08:14Z,2026-10-02T09:08:19Z,5.0,
36987876889,1,Desktop Package Smoke,package macos-14,step,Run pnpm/action-setup@v6,success,,2026-10-02T09:08:19Z,2026-10-02T09:08:23Z,4.0,
36987876889,1,Desktop Package Smoke,package macos-14,step,Run actions/setup-node@v7,success,,2026-10-02T09:08:23Z,2026-10-02T09:08:24Z,1.0,
36987876889,1,Desktop Package Smoke,package macos-14,step,Install dependencies,success,,2026-10-02T09:08:24Z,2026-10-02T09:08:47Z,23.0,
36987876889,1,Desktop Package Smoke,package macos-14,step,Verify bundled git (dugite) was fetched,success,,2026-10-02T09:08:47Z,2026-10-02T09:08:47Z,0,
36987876889,1,Desktop Package Smoke,package macos-14,step,Verify package inspectors on the native host,success,,2026-10-02T09:08:47Z,2026-10-02T09:08:49Z,2.0,
36987876889,1,Desktop Package Smoke,package macos-14,step,Build Alice + UTA + desktop shell,success,,2026-10-02T09:08:49Z,2026-10-02T09:10:42Z,113.0,
36987876889,1,Desktop Package Smoke,package macos-14,step,Smoke native companion interaction,success,,2026-10-02T09:10:42Z,2026-10-02T09:10:51Z,9.0,
36987876889,1,Desktop Package Smoke,package macos-14,step,Smoke Guardian takeover through Electron,success,,2026-10-02T09:10:51Z,2026-10-02T09:11:02Z,11.0,
36987876889,1,Desktop Package Smoke,package macos-14,step,Smoke existing-owner browser handoff through Electron,success,,2026-10-02T09:11:02Z,2026-10-02T09:11:04Z,2.0,
36987876889,1,Desktop Package Smoke,package macos-14,step,Vendor managed workspace runtime,success,,2026-10-02T09:11:04Z,2026-10-02T09:11:13Z,9.0,
36987876889,1,Desktop Package Smoke,package macos-14,step,Verify managed Pi runtime,success,,2026-10-02T09:11:13Z,2026-10-02T09:11:13Z,0,
36987876889,1,Desktop Package Smoke,package macos-14,step,Package unpacked desktop app,success,,2026-10-02T09:11:13Z,2026-10-02T09:11:54Z,41.0,
36987876889,1,Desktop Package Smoke,package macos-14,step,Assert packaged resource layout,success,,2026-10-02T09:11:54Z,2026-10-02T09:11:55Z,1.0,
36987876889,1,Desktop Package Smoke,package macos-14,step,Smoke packaged managed toolchain,success,,2026-10-02T09:11:55Z,2026-10-02T09:11:57Z,2.0,
36987876889,1,Desktop Package Smoke,package macos-14,step,Prove packaged Workspace CLI acceptance,success,,2026-10-02T09:11:57Z,2026-10-02T09:12:17Z,20.0,
36987876889,1,Desktop Package Smoke,package macos-14,step,Prove packaged Workspace CLI acceptance and Windows build wrapper,skipped,,2026-10-02T09:12:17Z,2026-10-02T09:12:17Z,0,
36987876889,1,Desktop Package Smoke,package macos-14,step,Upload Workspace acceptance receipt,success,,2026-10-02T09:12:17Z,2026-10-02T09:12:18Z,1.0,
36987876889,1,Desktop Package Smoke,package macos-14,step,Prove previous desktop release state upgrades to the candidate,failure,,2026-10-02T09:12:18Z,2026-10-02T09:13:28Z,70.0,
36987876889,1,Desktop Package Smoke,package macos-14,step,Upload desktop upgrade acceptance receipt,failure,,2026-10-02T09:13:28Z,2026-10-02T09:13:28Z,0,
36987876889,1,Desktop Package Smoke,package macos-14,step,Post Run actions/setup-node@v7,skipped,,2026-10-02T09:13:28Z,2026-10-02T09:13:28Z,0,
36987876889,1,Desktop Package Smoke,package macos-14,step,Post Run pnpm/action-setup@v6,success,,2026-10-02T09:13:28Z,2026-10-02T09:13:28Z,0,
36987876889,1,Desktop Package Smoke,package macos-14,step,Post Run actions/checkout@v7,success,,2026-10-02T09:13:28Z,2026-10-02T09:13:29Z,1.0,
36987876889,1,Desktop Package Smoke,package macos-14,step,Complete job,success,,2026-10-02T09:13:29Z,2026-10-02T09:13:30Z,1.0,
36987876889,1,Desktop Package Smoke,package macos-15-intel,job,,cancelled,2026-10-02T09:08:06Z,2026-10-02T09:08:09Z,2026-10-02T09:14:42Z,393.0,3.0
36987876889,1,Desktop Package Smoke,package macos-15-intel,step,Set up job,success,,2026-10-02T09:08:10Z,2026-10-02T09:08:13Z,3.0,
36987876889,1,Desktop Package Smoke,package macos-15-intel,step,Run actions/checkout@v7,success,,2026-10-02T09:08:13Z,2026-10-02T09:08:24Z,11.0,
36987876889,1,Desktop Package Smoke,package macos-15-intel,step,Run pnpm/action-setup@v6,success,,2026-10-02T09:08:24Z,2026-10-02T09:08:45Z,21.0,
36987876889,1,Desktop Package Smoke,package macos-15-intel,step,Run actions/setup-node@v7,success,,2026-10-02T09:08:45Z,2026-10-02T09:08:49Z,4.0,
36987876889,1,Desktop Package Smoke,package macos-15-intel,step,Install dependencies,success,,2026-10-02T09:08:49Z,2026-10-02T09:10:35Z,106.0,
36987876889,1,Desktop Package Smoke,package macos-15-intel,step,Verify bundled git (dugite) was fetched,success,,2026-10-02T09:10:35Z,2026-10-02T09:10:35Z,0,
36987876889,1,Desktop Package Smoke,package macos-15-intel,step,Verify package inspectors on the native host,success,,2026-10-02T09:10:35Z,2026-10-02T09:10:40Z,5.0,
36987876889,1,Desktop Package Smoke,package macos-15-intel,step,Build Alice + UTA + desktop shell,cancelled,,2026-10-02T09:10:40Z,2026-10-02T09:14:37Z,237.0,
36987876889,1,Desktop Package Smoke,package macos-15-intel,step,Smoke native companion interaction,skipped,,2026-10-02T09:14:37Z,2026-10-02T09:14:37Z,0,
36987876889,1,Desktop Package Smoke,package macos-15-intel,step,Smoke Guardian takeover through Electron,skipped,,2026-10-02T09:14:37Z,2026-10-02T09:14:37Z,0,
36987876889,1,Desktop Package Smoke,package macos-15-intel,step,Smoke existing-owner browser handoff through Electron,skipped,,2026-10-02T09:14:37Z,2026-10-02T09:14:37Z,0,
36987876889,1,Desktop Package Smoke,package macos-15-intel,step,Vendor managed workspace runtime,skipped,,2026-10-02T09:14:37Z,2026-10-02T09:14:37Z,0,
36987876889,1,Desktop Package Smoke,package macos-15-intel,step,Verify managed Pi runtime,skipped,,2026-10-02T09:14:37Z,2026-10-02T09:14:37Z,0,
36987876889,1,Desktop Package Smoke,package macos-15-intel,step,Package unpacked desktop app,skipped,,2026-10-02T09:14:37Z,2026-10-02T09:14:37Z,0,
36987876889,1,Desktop Package Smoke,package macos-15-intel,step,Assert packaged resource layout,skipped,,2026-10-02T09:14:37Z,2026-10-02T09:14:37Z,0,
36987876889,1,Desktop Package Smoke,package macos-15-intel,step,Smoke packaged managed toolchain,skipped,,2026-10-02T09:14:37Z,2026-10-02T09:14:37Z,0,
36987876889,1,Desktop Package Smoke,package macos-15-intel,step,Prove packaged Workspace CLI acceptance,skipped,,2026-10-02T09:14:37Z,2026-10-02T09:14:37Z,0,
36987876889,1,Desktop Package Smoke,package macos-15-intel,step,Prove packaged Workspace CLI acceptance and Windows build wrapper,skipped,,2026-10-02T09:14:37Z,2026-10-02T09:14:37Z,0,
36987876889,1,Desktop Package Smoke,package macos-15-intel,step,Upload Workspace acceptance receipt,success,,2026-10-02T09:14:37Z,2026-10-02T09:14:37Z,0,
36987876889,1,Desktop Package Smoke,package macos-15-intel,step,Prove previous desktop release state upgrades to the candidate,skipped,,2026-10-02T09:14:37Z,2026-10-02T09:14:37Z,0,
36987876889,1,Desktop Package Smoke,package macos-15-intel,step,Upload desktop upgrade acceptance receipt,failure,,2026-10-02T09:14:37Z,2026-10-02T09:14:38Z,1.0,
36987876889,1,Desktop Package Smoke,package macos-15-intel,step,Post Run actions/setup-node@v7,skipped,,2026-10-02T09:14:38Z,2026-10-02T09:14:38Z,0,
36987876889,1,Desktop Package Smoke,package macos-15-intel,step,Post Run pnpm/action-setup@v6,success,,2026-10-02T09:14:38Z,2026-10-02T09:14:38Z,0,
36987876889,1,Desktop Package Smoke,package macos-15-intel,step,Post Run actions/checkout@v7,success,,2026-10-02T09:14:38Z,2026-10-02T09:14:39Z,1.0,
36987876889,1,Desktop Package Smoke,package macos-15-intel,step,Complete job,success,,2026-10-02T09:14:39Z,2026-10-02T09:14:40Z,1.0,
36987877206,1,CLI Installer Smoke,release-prep scope,job,,success,2026-10-02T09:06:33Z,2026-10-02T09:06:36Z,2026-10-02T09:06:48Z,12.0,3.0
36987877206,1,CLI Installer Smoke,release-prep scope,step,Set up job,success,,2026-10-02T09:06:37Z,2026-10-02T09:06:38Z,1.0,
36987877206,1,CLI Installer Smoke,release-prep scope,step,Run actions/checkout@v7,success,,2026-10-02T09:06:38Z,2026-10-02T09:06:43Z,5.0,
36987877206,1,CLI Installer Smoke,release-prep scope,step,Run actions/setup-node@v7,success,,2026-10-02T09:06:43Z,2026-10-02T09:06:45Z,2.0,
36987877206,1,CLI Installer Smoke,release-prep scope,step,Detect exact beta release preparation,success,,2026-10-02T09:06:45Z,2026-10-02T09:06:45Z,0,
36987877206,1,CLI Installer Smoke,release-prep scope,step,Post Run actions/setup-node@v7,success,,2026-10-02T09:06:45Z,2026-10-02T09:06:45Z,0,
36987877206,1,CLI Installer Smoke,release-prep scope,step,Post Run actions/checkout@v7,success,,2026-10-02T09:06:45Z,2026-10-02T09:06:45Z,0,
36987877206,1,CLI Installer Smoke,release-prep scope,step,Complete job,success,,2026-10-02T09:06:45Z,2026-10-02T09:06:45Z,0,
36987877206,1,CLI Installer Smoke,build-dev-broker-packs,job,,skipped,2026-10-02T09:06:33Z,2026-10-02T09:06:33Z,2026-10-02T09:06:33Z,0,0
36987877206,1,CLI Installer Smoke,Build dev platform-neutral inputs,job,,skipped,2026-10-02T09:06:33Z,2026-10-02T09:06:33Z,2026-10-02T09:06:33Z,0,0
36987877206,1,CLI Installer Smoke,windows-preview,job,,skipped,2026-10-02T09:06:33Z,2026-10-02T09:06:33Z,2026-10-02T09:06:33Z,0,0
36987877206,1,CLI Installer Smoke,build-dev-cli-windows,job,,skipped,2026-10-02T09:06:34Z,2026-10-02T09:06:34Z,2026-10-02T09:06:33Z,0,0
36987877206,1,CLI Installer Smoke,Build dev native CLI (${{ matrix.platform }}-${{ matrix.arch }}),job,,skipped,2026-10-02T09:06:34Z,2026-10-02T09:06:34Z,2026-10-02T09:06:33Z,0,0
36987877206,1,CLI Installer Smoke,Publish immutable dev CLI candidate,job,,skipped,2026-10-02T09:06:34Z,2026-10-02T09:06:34Z,2026-10-02T09:06:33Z,0,0
36987877206,1,CLI Installer Smoke,Activate current dev CLI channel,job,,skipped,2026-10-02T09:06:34Z,2026-10-02T09:06:34Z,2026-10-02T09:06:34Z,0,0
36987877206,1,CLI Installer Smoke,Live raw dev channel install,job,,skipped,2026-10-02T09:06:34Z,2026-10-02T09:06:34Z,2026-10-02T09:06:34Z,0,0
36987877206,1,CLI Installer Smoke,Current checkout managed remote,job,,success,2026-10-02T09:06:48Z,2026-10-02T09:06:51Z,2026-10-02T09:11:45Z,294.0,3.0
36987877206,1,CLI Installer Smoke,Current checkout managed remote,step,Set up job,success,,2026-10-02T09:06:52Z,2026-10-02T09:06:53Z,1.0,
36987877206,1,CLI Installer Smoke,Current checkout managed remote,step,Run actions/checkout@v7,success,,2026-10-02T09:06:53Z,2026-10-02T09:06:55Z,2.0,
36987877206,1,CLI Installer Smoke,Current checkout managed remote,step,Run pnpm/action-setup@v6,success,,2026-10-02T09:06:55Z,2026-10-02T09:06:59Z,4.0,
36987877206,1,CLI Installer Smoke,Current checkout managed remote,step,Run actions/setup-node@v7,success,,2026-10-02T09:06:59Z,2026-10-02T09:07:05Z,6.0,
36987877206,1,CLI Installer Smoke,Current checkout managed remote,step,Run pnpm install --frozen-lockfile,success,,2026-10-02T09:07:05Z,2026-10-02T09:07:23Z,18.0,
36987877206,1,CLI Installer Smoke,Current checkout managed remote,step,Build trusted local UI for Web relay,success,,2026-10-02T09:07:23Z,2026-10-02T09:08:36Z,73.0,
36987877206,1,CLI Installer Smoke,Current checkout managed remote,step,Exercise clean SSH host fixture,success,,2026-10-02T09:08:36Z,2026-10-02T09:11:38Z,182.0,
36987877206,1,CLI Installer Smoke,Current checkout managed remote,step,Post Run actions/setup-node@v7,success,,2026-10-02T09:11:38Z,2026-10-02T09:11:42Z,4.0,
36987877206,1,CLI Installer Smoke,Current checkout managed remote,step,Post Run pnpm/action-setup@v6,success,,2026-10-02T09:11:42Z,2026-10-02T09:11:43Z,1.0,
36987877206,1,CLI Installer Smoke,Current checkout managed remote,step,Post Run actions/checkout@v7,success,,2026-10-02T09:11:43Z,2026-10-02T09:11:43Z,0,
36987877206,1,CLI Installer Smoke,Current checkout managed remote,step,Complete job,success,,2026-10-02T09:11:43Z,2026-10-02T09:11:43Z,0,
36987877206,1,CLI Installer Smoke,Current checkout install,job,,success,2026-10-02T09:06:48Z,2026-10-02T09:06:51Z,2026-10-02T09:07:18Z,27.0,3.0
36987877206,1,CLI Installer Smoke,Current checkout install,step,Set up job,success,,2026-10-02T09:06:52Z,2026-10-02T09:06:53Z,1.0,
36987877206,1,CLI Installer Smoke,Current checkout install,step,Run actions/checkout@v7,success,,2026-10-02T09:06:53Z,2026-10-02T09:06:55Z,2.0,
36987877206,1,CLI Installer Smoke,Current checkout install,step,Run actions/setup-node@v7,success,,2026-10-02T09:06:55Z,2026-10-02T09:07:00Z,5.0,
36987877206,1,CLI Installer Smoke,Current checkout install,step,Exercise clean HTTP installer fixture,success,,2026-10-02T09:07:00Z,2026-10-02T09:07:16Z,16.0,
36987877206,1,CLI Installer Smoke,Current checkout install,step,Post Run actions/setup-node@v7,success,,2026-10-02T09:07:16Z,2026-10-02T09:07:16Z,0,
36987877206,1,CLI Installer Smoke,Current checkout install,step,Post Run actions/checkout@v7,success,,2026-10-02T09:07:16Z,2026-10-02T09:07:16Z,0,
36987877206,1,CLI Installer Smoke,Current checkout install,step,Complete job,success,,2026-10-02T09:07:16Z,2026-10-02T09:07:16Z,0,
36987877206,1,CLI Installer Smoke,Bun feasibility (macos-14),job,,success,2026-10-02T09:06:48Z,2026-10-02T09:06:55Z,2026-10-02T09:11:56Z,301.0,7.0
36987877206,1,CLI Installer Smoke,Bun feasibility (macos-14),step,Set up job,success,,2026-10-02T09:06:55Z,2026-10-02T09:06:57Z,2.0,
36987877206,1,CLI Installer Smoke,Bun feasibility (macos-14),step,Run actions/checkout@v7,success,,2026-10-02T09:06:57Z,2026-10-02T09:07:02Z,5.0,
36987877206,1,CLI Installer Smoke,Bun feasibility (macos-14),step,Run pnpm/action-setup@v6,success,,2026-10-02T09:07:02Z,2026-10-02T09:07:06Z,4.0,
36987877206,1,CLI Installer Smoke,Bun feasibility (macos-14),step,Run actions/setup-node@v7,success,,2026-10-02T09:07:06Z,2026-10-02T09:07:12Z,6.0,
36987877206,1,CLI Installer Smoke,Bun feasibility (macos-14),step,Run oven-sh/setup-bun@v2,success,,2026-10-02T09:07:12Z,2026-10-02T09:07:13Z,1.0,
36987877206,1,CLI Installer Smoke,Bun feasibility (macos-14),step,Run pnpm install --frozen-lockfile --filter='!@traderalice/desktop',success,,2026-10-02T09:07:13Z,2026-10-02T09:07:41Z,28.0,
36987877206,1,CLI Installer Smoke,Bun feasibility (macos-14),step,Run pnpm build:server,success,,2026-10-02T09:07:41Z,2026-10-02T09:09:34Z,113.0,
36987877206,1,CLI Installer Smoke,Bun feasibility (macos-14),step,Run pnpm build:bun-cli:feasibility,success,,2026-10-02T09:09:34Z,2026-10-02T09:09:36Z,2.0,
36987877206,1,CLI Installer Smoke,Bun feasibility (macos-14),step,Run pnpm build:bun-alice:feasibility,success,,2026-10-02T09:09:36Z,2026-10-02T09:09:42Z,6.0,
36987877206,1,CLI Installer Smoke,Bun feasibility (macos-14),step,Run pnpm build:bun-runtime:feasibility,success,,2026-10-02T09:09:42Z,2026-10-02T09:09:54Z,12.0,
36987877206,1,CLI Installer Smoke,Bun feasibility (macos-14),step,Run pnpm build:bun:release,success,,2026-10-02T09:09:54Z,2026-10-02T09:10:28Z,34.0,
36987877206,1,CLI Installer Smoke,Bun feasibility (macos-14),step,Accept npm and Bun installs from the current native candidate,success,,2026-10-02T09:10:28Z,2026-10-02T09:11:27Z,59.0,
36987877206,1,CLI Installer Smoke,Bun feasibility (macos-14),step,Post Run oven-sh/setup-bun@v2,success,,2026-10-02T09:11:27Z,2026-10-02T09:11:28Z,1.0,
36987877206,1,CLI Installer Smoke,Bun feasibility (macos-14),step,Post Run actions/setup-node@v7,success,,2026-10-02T09:11:28Z,2026-10-02T09:11:52Z,24.0,
36987877206,1,CLI Installer Smoke,Bun feasibility (macos-14),step,Post Run pnpm/action-setup@v6,success,,2026-10-02T09:11:52Z,2026-10-02T09:11:52Z,0,
36987877206,1,CLI Installer Smoke,Bun feasibility (macos-14),step,Post Run actions/checkout@v7,success,,2026-10-02T09:11:52Z,2026-10-02T09:11:52Z,0,
36987877206,1,CLI Installer Smoke,Bun feasibility (macos-14),step,Complete job,success,,2026-10-02T09:11:52Z,2026-10-02T09:11:53Z,1.0,
36987877206,1,CLI Installer Smoke,Bun feasibility (ubuntu-latest),job,,success,2026-10-02T09:06:48Z,2026-10-02T09:06:51Z,2026-10-02T09:11:21Z,270.0,3.0
36987877206,1,CLI Installer Smoke,Bun feasibility (ubuntu-latest),step,Set up job,success,,2026-10-02T09:06:52Z,2026-10-02T09:06:54Z,2.0,
36987877206,1,CLI Installer Smoke,Bun feasibility (ubuntu-latest),step,Run actions/checkout@v7,success,,2026-10-02T09:06:54Z,2026-10-02T09:06:58Z,4.0,
36987877206,1,CLI Installer Smoke,Bun feasibility (ubuntu-latest),step,Run pnpm/action-setup@v6,success,,2026-10-02T09:06:58Z,2026-10-02T09:07:02Z,4.0,
36987877206,1,CLI Installer Smoke,Bun feasibility (ubuntu-latest),step,Run actions/setup-node@v7,success,,2026-10-02T09:07:02Z,2026-10-02T09:07:07Z,5.0,
36987877206,1,CLI Installer Smoke,Bun feasibility (ubuntu-latest),step,Run oven-sh/setup-bun@v2,success,,2026-10-02T09:07:07Z,2026-10-02T09:07:09Z,2.0,
36987877206,1,CLI Installer Smoke,Bun feasibility (ubuntu-latest),step,Run pnpm install --frozen-lockfile --filter='!@traderalice/desktop',success,,2026-10-02T09:07:09Z,2026-10-02T09:07:26Z,17.0,
36987877206,1,CLI Installer Smoke,Bun feasibility (ubuntu-latest),step,Run pnpm build:server,success,,2026-10-02T09:07:26Z,2026-10-02T09:09:07Z,101.0,
36987877206,1,CLI Installer Smoke,Bun feasibility (ubuntu-latest),step,Run pnpm build:bun-cli:feasibility,success,,2026-10-02T09:09:07Z,2026-10-02T09:09:07Z,0,
36987877206,1,CLI Installer Smoke,Bun feasibility (ubuntu-latest),step,Run pnpm build:bun-alice:feasibility,success,,2026-10-02T09:09:07Z,2026-10-02T09:09:10Z,3.0,
36987877206,1,CLI Installer Smoke,Bun feasibility (ubuntu-latest),step,Run pnpm build:bun-runtime:feasibility,success,,2026-10-02T09:09:10Z,2026-10-02T09:09:23Z,13.0,
36987877206,1,CLI Installer Smoke,Bun feasibility (ubuntu-latest),step,Run pnpm build:bun:release,success,,2026-10-02T09:09:23Z,2026-10-02T09:10:00Z,37.0,
36987877206,1,CLI Installer Smoke,Bun feasibility (ubuntu-latest),step,Accept npm and Bun installs from the current native candidate,success,,2026-10-02T09:10:00Z,2026-10-02T09:11:12Z,72.0,
36987877206,1,CLI Installer Smoke,Bun feasibility (ubuntu-latest),step,Post Run oven-sh/setup-bun@v2,success,,2026-10-02T09:11:12Z,2026-10-02T09:11:14Z,2.0,
36987877206,1,CLI Installer Smoke,Bun feasibility (ubuntu-latest),step,Post Run actions/setup-node@v7,success,,2026-10-02T09:11:14Z,2026-10-02T09:11:18Z,4.0,
36987877206,1,CLI Installer Smoke,Bun feasibility (ubuntu-latest),step,Post Run pnpm/action-setup@v6,success,,2026-10-02T09:11:18Z,2026-10-02T09:11:18Z,0,
36987877206,1,CLI Installer Smoke,Bun feasibility (ubuntu-latest),step,Post Run actions/checkout@v7,success,,2026-10-02T09:11:18Z,2026-10-02T09:11:18Z,0,
36987877206,1,CLI Installer Smoke,Bun feasibility (ubuntu-latest),step,Complete job,success,,2026-10-02T09:11:18Z,2026-10-02T09:11:18Z,0,
36988593992,1,Dev PR Clean Build,clean-build,job,,success,2026-10-02T09:14:02Z,2026-10-02T09:14:06Z,2026-10-02T09:17:44Z,218.0,4.0
36988593992,1,Dev PR Clean Build,clean-build,step,Set up job,success,,2026-10-02T09:14:06Z,2026-10-02T09:14:07Z,1.0,
36988593992,1,Dev PR Clean Build,clean-build,step,Run actions/checkout@v7,success,,2026-10-02T09:14:07Z,2026-10-02T09:14:10Z,3.0,
36988593992,1,Dev PR Clean Build,clean-build,step,Run pnpm/action-setup@v6,success,,2026-10-02T09:14:10Z,2026-10-02T09:14:17Z,7.0,
36988593992,1,Dev PR Clean Build,clean-build,step,Run actions/setup-node@v7,success,,2026-10-02T09:14:17Z,2026-10-02T09:14:25Z,8.0,
36988593992,1,Dev PR Clean Build,clean-build,step,Run pnpm install --frozen-lockfile,success,,2026-10-02T09:14:25Z,2026-10-02T09:14:37Z,12.0,
36988593992,1,Dev PR Clean Build,clean-build,step,Verify CI workflow contracts,success,,2026-10-02T09:14:37Z,2026-10-02T09:14:50Z,13.0,
36988593992,1,Dev PR Clean Build,clean-build,step,Verify required local product and protocol evidence,success,,2026-10-02T09:14:50Z,2026-10-02T09:15:03Z,13.0,
36988593992,1,Dev PR Clean Build,clean-build,step,Upload required evidence receipt,success,,2026-10-02T09:15:03Z,2026-10-02T09:15:04Z,1.0,
36988593992,1,Dev PR Clean Build,clean-build,step,Build complete workspace,success,,2026-10-02T09:15:04Z,2026-10-02T09:16:48Z,104.0,
36988593992,1,Dev PR Clean Build,clean-build,step,Typecheck registered suites,success,,2026-10-02T09:16:48Z,2026-10-02T09:17:42Z,54.0,
36988593992,1,Dev PR Clean Build,clean-build,step,Post Run actions/setup-node@v7,success,,2026-10-02T09:17:42Z,2026-10-02T09:17:43Z,1.0,
36988593992,1,Dev PR Clean Build,clean-build,step,Post Run pnpm/action-setup@v6,success,,2026-10-02T09:17:43Z,2026-10-02T09:17:43Z,0,
36988593992,1,Dev PR Clean Build,clean-build,step,Post Run actions/checkout@v7,success,,2026-10-02T09:17:43Z,2026-10-02T09:17:43Z,0,
36988593992,1,Dev PR Clean Build,clean-build,step,Complete job,success,,2026-10-02T09:17:43Z,2026-10-02T09:17:43Z,0,
36989203755,1,Dev PR Clean Build,clean-build,job,,success,2026-10-02T09:20:24Z,2026-10-02T09:20:27Z,2026-10-02T09:23:56Z,209.0,3.0
36989203755,1,Dev PR Clean Build,clean-build,step,Set up job,success,,2026-10-02T09:20:28Z,2026-10-02T09:20:29Z,1.0,
36989203755,1,Dev PR Clean Build,clean-build,step,Run actions/checkout@v7,success,,2026-10-02T09:20:29Z,2026-10-02T09:20:32Z,3.0,
36989203755,1,Dev PR Clean Build,clean-build,step,Run pnpm/action-setup@v6,success,,2026-10-02T09:20:32Z,2026-10-02T09:20:36Z,4.0,
36989203755,1,Dev PR Clean Build,clean-build,step,Run actions/setup-node@v7,success,,2026-10-02T09:20:36Z,2026-10-02T09:20:46Z,10.0,
36989203755,1,Dev PR Clean Build,clean-build,step,Run pnpm install --frozen-lockfile,success,,2026-10-02T09:20:46Z,2026-10-02T09:20:56Z,10.0,
36989203755,1,Dev PR Clean Build,clean-build,step,Verify CI workflow contracts,success,,2026-10-02T09:20:56Z,2026-10-02T09:21:08Z,12.0,
36989203755,1,Dev PR Clean Build,clean-build,step,Verify required local product and protocol evidence,success,,2026-10-02T09:21:08Z,2026-10-02T09:21:21Z,13.0,
36989203755,1,Dev PR Clean Build,clean-build,step,Upload required evidence receipt,success,,2026-10-02T09:21:21Z,2026-10-02T09:21:22Z,1.0,
36989203755,1,Dev PR Clean Build,clean-build,step,Build complete workspace,success,,2026-10-02T09:21:22Z,2026-10-02T09:23:01Z,99.0,
36989203755,1,Dev PR Clean Build,clean-build,step,Typecheck registered suites,success,,2026-10-02T09:23:01Z,2026-10-02T09:23:53Z,52.0,
36989203755,1,Dev PR Clean Build,clean-build,step,Post Run actions/setup-node@v7,success,,2026-10-02T09:23:53Z,2026-10-02T09:23:53Z,0,
36989203755,1,Dev PR Clean Build,clean-build,step,Post Run pnpm/action-setup@v6,success,,2026-10-02T09:23:53Z,2026-10-02T09:23:53Z,0,
36989203755,1,Dev PR Clean Build,clean-build,step,Post Run actions/checkout@v7,success,,2026-10-02T09:23:53Z,2026-10-02T09:23:53Z,0,
36989203755,1,Dev PR Clean Build,clean-build,step,Complete job,success,,2026-10-02T09:23:54Z,2026-10-02T09:23:54Z,0,
36989726110,1,CLI Installer Smoke,Build dev platform-neutral inputs,job,,success,2026-10-02T09:25:53Z,2026-10-02T09:25:55Z,2026-10-02T09:28:13Z,138.0,2.0
36989726110,1,CLI Installer Smoke,Build dev platform-neutral inputs,step,Set up job,success,,2026-10-02T09:25:56Z,2026-10-02T09:25:57Z,1.0,
36989726110,1,CLI Installer Smoke,Build dev platform-neutral inputs,step,Run actions/checkout@v7,success,,2026-10-02T09:25:57Z,2026-10-02T09:25:59Z,2.0,
36989726110,1,CLI Installer Smoke,Build dev platform-neutral inputs,step,Run pnpm/action-setup@v6,success,,2026-10-02T09:25:59Z,2026-10-02T09:26:04Z,5.0,
36989726110,1,CLI Installer Smoke,Build dev platform-neutral inputs,step,Run actions/setup-node@v7,success,,2026-10-02T09:26:04Z,2026-10-02T09:26:15Z,11.0,
36989726110,1,CLI Installer Smoke,Build dev platform-neutral inputs,step,Run pnpm install --frozen-lockfile --filter='!@traderalice/desktop',success,,2026-10-02T09:26:15Z,2026-10-02T09:26:23Z,8.0,
36989726110,1,CLI Installer Smoke,Build dev platform-neutral inputs,step,Build platform-neutral server inputs,success,,2026-10-02T09:26:23Z,2026-10-02T09:28:09Z,106.0,
36989726110,1,CLI Installer Smoke,Build dev platform-neutral inputs,step,Prepare commit-bound neutral input receipt,success,,2026-10-02T09:28:09Z,2026-10-02T09:28:09Z,0,
36989726110,1,CLI Installer Smoke,Build dev platform-neutral inputs,step,Preserve platform-neutral inputs,success,,2026-10-02T09:28:09Z,2026-10-02T09:28:11Z,2.0,
36989726110,1,CLI Installer Smoke,Build dev platform-neutral inputs,step,Post Run actions/setup-node@v7,success,,2026-10-02T09:28:11Z,2026-10-02T09:28:11Z,0,
36989726110,1,CLI Installer Smoke,Build dev platform-neutral inputs,step,Post Run pnpm/action-setup@v6,success,,2026-10-02T09:28:11Z,2026-10-02T09:28:12Z,1.0,
36989726110,1,CLI Installer Smoke,Build dev platform-neutral inputs,step,Post Run actions/checkout@v7,success,,2026-10-02T09:28:12Z,2026-10-02T09:28:12Z,0,
36989726110,1,CLI Installer Smoke,Build dev platform-neutral inputs,step,Complete job,success,,2026-10-02T09:28:12Z,2026-10-02T09:28:12Z,0,
36989726110,1,CLI Installer Smoke,"build-dev-broker-packs (ubuntu-24.04, linux, x64)",job,,success,2026-10-02T09:25:53Z,2026-10-02T09:25:55Z,2026-10-02T09:27:21Z,86.0,2.0
36989726110,1,CLI Installer Smoke,"build-dev-broker-packs (ubuntu-24.04, linux, x64)",step,Set up job,success,,2026-10-02T09:25:56Z,2026-10-02T09:25:57Z,1.0,
36989726110,1,CLI Installer Smoke,"build-dev-broker-packs (ubuntu-24.04, linux, x64)",step,Run actions/checkout@v7,success,,2026-10-02T09:25:57Z,2026-10-02T09:25:59Z,2.0,
36989726110,1,CLI Installer Smoke,"build-dev-broker-packs (ubuntu-24.04, linux, x64)",step,Run pnpm/action-setup@v6,success,,2026-10-02T09:25:59Z,2026-10-02T09:26:02Z,3.0,
36989726110,1,CLI Installer Smoke,"build-dev-broker-packs (ubuntu-24.04, linux, x64)",step,Run actions/setup-node@v7,success,,2026-10-02T09:26:02Z,2026-10-02T09:26:11Z,9.0,
36989726110,1,CLI Installer Smoke,"build-dev-broker-packs (ubuntu-24.04, linux, x64)",step,Run oven-sh/setup-bun@v2,success,,2026-10-02T09:26:11Z,2026-10-02T09:26:12Z,1.0,
36989726110,1,CLI Installer Smoke,"build-dev-broker-packs (ubuntu-24.04, linux, x64)",step,Run pnpm install --frozen-lockfile --filter='!@traderalice/desktop',success,,2026-10-02T09:26:12Z,2026-10-02T09:26:21Z,9.0,
36989726110,1,CLI Installer Smoke,"build-dev-broker-packs (ubuntu-24.04, linux, x64)",step,Run pnpm broker-packs:build,success,,2026-10-02T09:26:21Z,2026-10-02T09:27:05Z,44.0,
36989726110,1,CLI Installer Smoke,"build-dev-broker-packs (ubuntu-24.04, linux, x64)",step,Run pnpm exec tsx scripts/verify-broker-packs.ts --compiled,success,,2026-10-02T09:27:05Z,2026-10-02T09:27:18Z,13.0,
36989726110,1,CLI Installer Smoke,"build-dev-broker-packs (ubuntu-24.04, linux, x64)",step,Run actions/upload-artifact@v4,success,,2026-10-02T09:27:18Z,2026-10-02T09:27:19Z,1.0,
36989726110,1,CLI Installer Smoke,"build-dev-broker-packs (ubuntu-24.04, linux, x64)",step,Post Run oven-sh/setup-bun@v2,success,,2026-10-02T09:27:19Z,2026-10-02T09:27:19Z,0,
36989726110,1,CLI Installer Smoke,"build-dev-broker-packs (ubuntu-24.04, linux, x64)",step,Post Run actions/setup-node@v7,success,,2026-10-02T09:27:19Z,2026-10-02T09:27:20Z,1.0,
36989726110,1,CLI Installer Smoke,"build-dev-broker-packs (ubuntu-24.04, linux, x64)",step,Post Run pnpm/action-setup@v6,success,,2026-10-02T09:27:20Z,2026-10-02T09:27:20Z,0,
36989726110,1,CLI Installer Smoke,"build-dev-broker-packs (ubuntu-24.04, linux, x64)",step,Post Run actions/checkout@v7,success,,2026-10-02T09:27:20Z,2026-10-02T09:27:20Z,0,
36989726110,1,CLI Installer Smoke,"build-dev-broker-packs (ubuntu-24.04, linux, x64)",step,Complete job,success,,2026-10-02T09:27:20Z,2026-10-02T09:27:20Z,0,
36989726110,1,CLI Installer Smoke,"build-dev-broker-packs (windows-latest, win32, x64)",job,,success,2026-10-02T09:25:53Z,2026-10-02T09:25:56Z,2026-10-02T09:33:47Z,471.0,3.0
36989726110,1,CLI Installer Smoke,"build-dev-broker-packs (windows-latest, win32, x64)",step,Set up job,success,,2026-10-02T09:25:57Z,2026-10-02T09:25:59Z,2.0,
36989726110,1,CLI Installer Smoke,"build-dev-broker-packs (windows-latest, win32, x64)",step,Run actions/checkout@v7,success,,2026-10-02T09:25:59Z,2026-10-02T09:26:05Z,6.0,
36989726110,1,CLI Installer Smoke,"build-dev-broker-packs (windows-latest, win32, x64)",step,Run pnpm/action-setup@v6,success,,2026-10-02T09:26:05Z,2026-10-02T09:26:25Z,20.0,
36989726110,1,CLI Installer Smoke,"build-dev-broker-packs (windows-latest, win32, x64)",step,Run actions/setup-node@v7,success,,2026-10-02T09:26:25Z,2026-10-02T09:26:55Z,30.0,
36989726110,1,CLI Installer Smoke,"build-dev-broker-packs (windows-latest, win32, x64)",step,Run oven-sh/setup-bun@v2,success,,2026-10-02T09:26:55Z,2026-10-02T09:26:57Z,2.0,
36989726110,1,CLI Installer Smoke,"build-dev-broker-packs (windows-latest, win32, x64)",step,Run pnpm install --frozen-lockfile --filter='!@traderalice/desktop',success,,2026-10-02T09:26:57Z,2026-10-02T09:27:12Z,15.0,
36989726110,1,CLI Installer Smoke,"build-dev-broker-packs (windows-latest, win32, x64)",step,Run pnpm broker-packs:build,success,,2026-10-02T09:27:12Z,2026-10-02T09:31:04Z,232.0,
36989726110,1,CLI Installer Smoke,"build-dev-broker-packs (windows-latest, win32, x64)",step,Run pnpm exec tsx scripts/verify-broker-packs.ts --compiled,success,,2026-10-02T09:31:04Z,2026-10-02T09:33:40Z,156.0,
36989726110,1,CLI Installer Smoke,"build-dev-broker-packs (windows-latest, win32, x64)",step,Run actions/upload-artifact@v4,success,,2026-10-02T09:33:40Z,2026-10-02T09:33:42Z,2.0,
36989726110,1,CLI Installer Smoke,"build-dev-broker-packs (windows-latest, win32, x64)",step,Post Run oven-sh/setup-bun@v2,success,,2026-10-02T09:33:42Z,2026-10-02T09:33:43Z,1.0,
36989726110,1,CLI Installer Smoke,"build-dev-broker-packs (windows-latest, win32, x64)",step,Post Run actions/setup-node@v7,success,,2026-10-02T09:33:43Z,2026-10-02T09:33:43Z,0,
36989726110,1,CLI Installer Smoke,"build-dev-broker-packs (windows-latest, win32, x64)",step,Post Run pnpm/action-setup@v6,success,,2026-10-02T09:33:43Z,2026-10-02T09:33:43Z,0,
36989726110,1,CLI Installer Smoke,"build-dev-broker-packs (windows-latest, win32, x64)",step,Post Run actions/checkout@v7,success,,2026-10-02T09:33:43Z,2026-10-02T09:33:45Z,2.0,
36989726110,1,CLI Installer Smoke,"build-dev-broker-packs (windows-latest, win32, x64)",step,Complete job,success,,2026-10-02T09:33:45Z,2026-10-02T09:33:45Z,0,
36989726110,1,CLI Installer Smoke,"build-dev-broker-packs (macos-14, darwin, arm64)",job,,success,2026-10-02T09:25:53Z,2026-10-02T09:26:03Z,2026-10-02T09:28:25Z,142.0,10.0
36989726110,1,CLI Installer Smoke,"build-dev-broker-packs (macos-14, darwin, arm64)",step,Set up job,success,,2026-10-02T09:26:03Z,2026-10-02T09:26:06Z,3.0,
36989726110,1,CLI Installer Smoke,"build-dev-broker-packs (macos-14, darwin, arm64)",step,Run actions/checkout@v7,success,,2026-10-02T09:26:06Z,2026-10-02T09:26:10Z,4.0,
36989726110,1,CLI Installer Smoke,"build-dev-broker-packs (macos-14, darwin, arm64)",step,Run pnpm/action-setup@v6,success,,2026-10-02T09:26:10Z,2026-10-02T09:26:16Z,6.0,
36989726110,1,CLI Installer Smoke,"build-dev-broker-packs (macos-14, darwin, arm64)",step,Run actions/setup-node@v7,success,,2026-10-02T09:26:16Z,2026-10-02T09:26:39Z,23.0,
36989726110,1,CLI Installer Smoke,"build-dev-broker-packs (macos-14, darwin, arm64)",step,Run oven-sh/setup-bun@v2,success,,2026-10-02T09:26:39Z,2026-10-02T09:26:41Z,2.0,
36989726110,1,CLI Installer Smoke,"build-dev-broker-packs (macos-14, darwin, arm64)",step,Run pnpm install --frozen-lockfile --filter='!@traderalice/desktop',success,,2026-10-02T09:26:41Z,2026-10-02T09:26:56Z,15.0,
36989726110,1,CLI Installer Smoke,"build-dev-broker-packs (macos-14, darwin, arm64)",step,Run pnpm broker-packs:build,success,,2026-10-02T09:26:56Z,2026-10-02T09:28:01Z,65.0,
36989726110,1,CLI Installer Smoke,"build-dev-broker-packs (macos-14, darwin, arm64)",step,Run pnpm exec tsx scripts/verify-broker-packs.ts --compiled,success,,2026-10-02T09:28:01Z,2026-10-02T09:28:17Z,16.0,
36989726110,1,CLI Installer Smoke,"build-dev-broker-packs (macos-14, darwin, arm64)",step,Run actions/upload-artifact@v4,success,,2026-10-02T09:28:17Z,2026-10-02T09:28:19Z,2.0,
36989726110,1,CLI Installer Smoke,"build-dev-broker-packs (macos-14, darwin, arm64)",step,Post Run oven-sh/setup-bun@v2,success,,2026-10-02T09:28:19Z,2026-10-02T09:28:20Z,1.0,
36989726110,1,CLI Installer Smoke,"build-dev-broker-packs (macos-14, darwin, arm64)",step,Post Run actions/setup-node@v7,success,,2026-10-02T09:28:20Z,2026-10-02T09:28:20Z,0,
36989726110,1,CLI Installer Smoke,"build-dev-broker-packs (macos-14, darwin, arm64)",step,Post Run pnpm/action-setup@v6,success,,2026-10-02T09:28:20Z,2026-10-02T09:28:20Z,0,
36989726110,1,CLI Installer Smoke,"build-dev-broker-packs (macos-14, darwin, arm64)",step,Post Run actions/checkout@v7,success,,2026-10-02T09:28:20Z,2026-10-02T09:28:20Z,0,
36989726110,1,CLI Installer Smoke,"build-dev-broker-packs (macos-14, darwin, arm64)",step,Complete job,success,,2026-10-02T09:28:20Z,2026-10-02T09:28:21Z,1.0,
36989726110,1,CLI Installer Smoke,"build-dev-broker-packs (ubuntu-24.04-arm, linux, arm64)",job,,success,2026-10-02T09:25:53Z,2026-10-02T09:25:58Z,2026-10-02T09:27:36Z,98.0,5.0
36989726110,1,CLI Installer Smoke,"build-dev-broker-packs (ubuntu-24.04-arm, linux, arm64)",step,Set up job,success,,2026-10-02T09:25:59Z,2026-10-02T09:26:01Z,2.0,
36989726110,1,CLI Installer Smoke,"build-dev-broker-packs (ubuntu-24.04-arm, linux, arm64)",step,Run actions/checkout@v7,success,,2026-10-02T09:26:01Z,2026-10-02T09:26:04Z,3.0,
36989726110,1,CLI Installer Smoke,"build-dev-broker-packs (ubuntu-24.04-arm, linux, arm64)",step,Run pnpm/action-setup@v6,success,,2026-10-02T09:26:04Z,2026-10-02T09:26:09Z,5.0,
36989726110,1,CLI Installer Smoke,"build-dev-broker-packs (ubuntu-24.04-arm, linux, arm64)",step,Run actions/setup-node@v7,success,,2026-10-02T09:26:09Z,2026-10-02T09:26:19Z,10.0,
36989726110,1,CLI Installer Smoke,"build-dev-broker-packs (ubuntu-24.04-arm, linux, arm64)",step,Run oven-sh/setup-bun@v2,success,,2026-10-02T09:26:19Z,2026-10-02T09:26:21Z,2.0,
36989726110,1,CLI Installer Smoke,"build-dev-broker-packs (ubuntu-24.04-arm, linux, arm64)",step,Run pnpm install --frozen-lockfile --filter='!@traderalice/desktop',success,,2026-10-02T09:26:21Z,2026-10-02T09:26:28Z,7.0,
36989726110,1,CLI Installer Smoke,"build-dev-broker-packs (ubuntu-24.04-arm, linux, arm64)",step,Run pnpm broker-packs:build,success,,2026-10-02T09:26:28Z,2026-10-02T09:27:17Z,49.0,
36989726110,1,CLI Installer Smoke,"build-dev-broker-packs (ubuntu-24.04-arm, linux, arm64)",step,Run pnpm exec tsx scripts/verify-broker-packs.ts --compiled,success,,2026-10-02T09:27:17Z,2026-10-02T09:27:31Z,14.0,
36989726110,1,CLI Installer Smoke,"build-dev-broker-packs (ubuntu-24.04-arm, linux, arm64)",step,Run actions/upload-artifact@v4,success,,2026-10-02T09:27:31Z,2026-10-02T09:27:33Z,2.0,
36989726110,1,CLI Installer Smoke,"build-dev-broker-packs (ubuntu-24.04-arm, linux, arm64)",step,Post Run oven-sh/setup-bun@v2,success,,2026-10-02T09:27:33Z,2026-10-02T09:27:33Z,0,
36989726110,1,CLI Installer Smoke,"build-dev-broker-packs (ubuntu-24.04-arm, linux, arm64)",step,Post Run actions/setup-node@v7,success,,2026-10-02T09:27:33Z,2026-10-02T09:27:33Z,0,
36989726110,1,CLI Installer Smoke,"build-dev-broker-packs (ubuntu-24.04-arm, linux, arm64)",step,Post Run pnpm/action-setup@v6,success,,2026-10-02T09:27:33Z,2026-10-02T09:27:34Z,1.0,
36989726110,1,CLI Installer Smoke,"build-dev-broker-packs (ubuntu-24.04-arm, linux, arm64)",step,Post Run actions/checkout@v7,success,,2026-10-02T09:27:34Z,2026-10-02T09:27:34Z,0,
36989726110,1,CLI Installer Smoke,"build-dev-broker-packs (ubuntu-24.04-arm, linux, arm64)",step,Complete job,success,,2026-10-02T09:27:34Z,2026-10-02T09:27:34Z,0,
36989726110,1,CLI Installer Smoke,"build-dev-broker-packs (windows-11-arm, win32, arm64)",job,,success,2026-10-02T09:25:53Z,2026-10-02T09:25:57Z,2026-10-02T09:39:45Z,828.0,4.0
36989726110,1,CLI Installer Smoke,"build-dev-broker-packs (windows-11-arm, win32, arm64)",step,Set up job,success,,2026-10-02T09:25:58Z,2026-10-02T09:26:00Z,2.0,
36989726110,1,CLI Installer Smoke,"build-dev-broker-packs (windows-11-arm, win32, arm64)",step,Run actions/checkout@v7,success,,2026-10-02T09:26:00Z,2026-10-02T09:26:16Z,16.0,
36989726110,1,CLI Installer Smoke,"build-dev-broker-packs (windows-11-arm, win32, arm64)",step,Run pnpm/action-setup@v6,success,,2026-10-02T09:26:16Z,2026-10-02T09:26:44Z,28.0,
36989726110,1,CLI Installer Smoke,"build-dev-broker-packs (windows-11-arm, win32, arm64)",step,Run actions/setup-node@v7,success,,2026-10-02T09:26:44Z,2026-10-02T09:28:31Z,107.0,
36989726110,1,CLI Installer Smoke,"build-dev-broker-packs (windows-11-arm, win32, arm64)",step,Run oven-sh/setup-bun@v2,success,,2026-10-02T09:28:31Z,2026-10-02T09:28:34Z,3.0,
36989726110,1,CLI Installer Smoke,"build-dev-broker-packs (windows-11-arm, win32, arm64)",step,Run pnpm install --frozen-lockfile --filter='!@traderalice/desktop',success,,2026-10-02T09:28:34Z,2026-10-02T09:31:15Z,161.0,
36989726110,1,CLI Installer Smoke,"build-dev-broker-packs (windows-11-arm, win32, arm64)",step,Run pnpm broker-packs:build,success,,2026-10-02T09:31:15Z,2026-10-02T09:36:22Z,307.0,
36989726110,1,CLI Installer Smoke,"build-dev-broker-packs (windows-11-arm, win32, arm64)",step,Run pnpm exec tsx scripts/verify-broker-packs.ts --compiled,success,,2026-10-02T09:36:22Z,2026-10-02T09:39:36Z,194.0,
36989726110,1,CLI Installer Smoke,"build-dev-broker-packs (windows-11-arm, win32, arm64)",step,Run actions/upload-artifact@v4,success,,2026-10-02T09:39:36Z,2026-10-02T09:39:38Z,2.0,
36989726110,1,CLI Installer Smoke,"build-dev-broker-packs (windows-11-arm, win32, arm64)",step,Post Run oven-sh/setup-bun@v2,success,,2026-10-02T09:39:38Z,2026-10-02T09:39:39Z,1.0,
36989726110,1,CLI Installer Smoke,"build-dev-broker-packs (windows-11-arm, win32, arm64)",step,Post Run actions/setup-node@v7,success,,2026-10-02T09:39:39Z,2026-10-02T09:39:39Z,0,
36989726110,1,CLI Installer Smoke,"build-dev-broker-packs (windows-11-arm, win32, arm64)",step,Post Run pnpm/action-setup@v6,success,,2026-10-02T09:39:39Z,2026-10-02T09:39:39Z,0,
36989726110,1,CLI Installer Smoke,"build-dev-broker-packs (windows-11-arm, win32, arm64)",step,Post Run actions/checkout@v7,success,,2026-10-02T09:39:39Z,2026-10-02T09:39:44Z,5.0,
36989726110,1,CLI Installer Smoke,"build-dev-broker-packs (windows-11-arm, win32, arm64)",step,Complete job,success,,2026-10-02T09:39:44Z,2026-10-02T09:39:44Z,0,
36989726110,1,CLI Installer Smoke,"build-dev-broker-packs (macos-15-intel, darwin, x64)",job,,success,2026-10-02T09:25:53Z,2026-10-02T09:25:59Z,2026-10-02T09:33:10Z,431.0,6.0
36989726110,1,CLI Installer Smoke,"build-dev-broker-packs (macos-15-intel, darwin, x64)",step,Set up job,success,,2026-10-02T09:26:00Z,2026-10-02T09:26:04Z,4.0,
36989726110,1,CLI Installer Smoke,"build-dev-broker-packs (macos-15-intel, darwin, x64)",step,Run actions/checkout@v7,success,,2026-10-02T09:26:04Z,2026-10-02T09:26:14Z,10.0,
36989726110,1,CLI Installer Smoke,"build-dev-broker-packs (macos-15-intel, darwin, x64)",step,Run pnpm/action-setup@v6,success,,2026-10-02T09:26:14Z,2026-10-02T09:26:31Z,17.0,
36989726110,1,CLI Installer Smoke,"build-dev-broker-packs (macos-15-intel, darwin, x64)",step,Run actions/setup-node@v7,success,,2026-10-02T09:26:31Z,2026-10-02T09:27:49Z,78.0,
36989726110,1,CLI Installer Smoke,"build-dev-broker-packs (macos-15-intel, darwin, x64)",step,Run oven-sh/setup-bun@v2,success,,2026-10-02T09:27:49Z,2026-10-02T09:27:50Z,1.0,
36989726110,1,CLI Installer Smoke,"build-dev-broker-packs (macos-15-intel, darwin, x64)",step,Run pnpm install --frozen-lockfile --filter='!@traderalice/desktop',success,,2026-10-02T09:27:50Z,2026-10-02T09:28:35Z,45.0,
36989726110,1,CLI Installer Smoke,"build-dev-broker-packs (macos-15-intel, darwin, x64)",step,Run pnpm broker-packs:build,success,,2026-10-02T09:28:35Z,2026-10-02T09:31:43Z,188.0,
36989726110,1,CLI Installer Smoke,"build-dev-broker-packs (macos-15-intel, darwin, x64)",step,Run pnpm exec tsx scripts/verify-broker-packs.ts --compiled,success,,2026-10-02T09:31:43Z,2026-10-02T09:32:58Z,75.0,
36989726110,1,CLI Installer Smoke,"build-dev-broker-packs (macos-15-intel, darwin, x64)",step,Run actions/upload-artifact@v4,success,,2026-10-02T09:32:58Z,2026-10-02T09:33:03Z,5.0,
36989726110,1,CLI Installer Smoke,"build-dev-broker-packs (macos-15-intel, darwin, x64)",step,Post Run oven-sh/setup-bun@v2,success,,2026-10-02T09:33:03Z,2026-10-02T09:33:04Z,1.0,
36989726110,1,CLI Installer Smoke,"build-dev-broker-packs (macos-15-intel, darwin, x64)",step,Post Run actions/setup-node@v7,success,,2026-10-02T09:33:04Z,2026-10-02T09:33:04Z,0,
36989726110,1,CLI Installer Smoke,"build-dev-broker-packs (macos-15-intel, darwin, x64)",step,Post Run pnpm/action-setup@v6,success,,2026-10-02T09:33:04Z,2026-10-02T09:33:04Z,0,
36989726110,1,CLI Installer Smoke,"build-dev-broker-packs (macos-15-intel, darwin, x64)",step,Post Run actions/checkout@v7,success,,2026-10-02T09:33:04Z,2026-10-02T09:33:06Z,2.0,
36989726110,1,CLI Installer Smoke,"build-dev-broker-packs (macos-15-intel, darwin, x64)",step,Complete job,success,,2026-10-02T09:33:06Z,2026-10-02T09:33:07Z,1.0,
36989726110,1,CLI Installer Smoke,windows-preview,job,,skipped,2026-10-02T09:25:53Z,2026-10-02T09:25:53Z,2026-10-02T09:25:53Z,0,0
36989726110,1,CLI Installer Smoke,release-prep scope,job,,skipped,2026-10-02T09:25:53Z,2026-10-02T09:25:53Z,2026-10-02T09:25:53Z,0,0
36989726110,1,CLI Installer Smoke,Bun feasibility (${{ matrix.os }}),job,,skipped,2026-10-02T09:25:53Z,2026-10-02T09:25:53Z,2026-10-02T09:25:53Z,0,0
36989726110,1,CLI Installer Smoke,Current checkout install,job,,skipped,2026-10-02T09:25:53Z,2026-10-02T09:25:53Z,2026-10-02T09:25:53Z,0,0
36989726110,1,CLI Installer Smoke,Current checkout managed remote,job,,skipped,2026-10-02T09:25:53Z,2026-10-02T09:25:53Z,2026-10-02T09:25:53Z,0,0
36989726110,1,CLI Installer Smoke,Build dev native CLI (darwin-arm64),job,,success,2026-10-02T09:39:46Z,2026-10-02T09:39:56Z,2026-10-02T09:42:08Z,132.0,10.0
36989726110,1,CLI Installer Smoke,Build dev native CLI (darwin-arm64),step,Set up job,success,,2026-10-02T09:39:57Z,2026-10-02T09:40:00Z,3.0,
36989726110,1,CLI Installer Smoke,Build dev native CLI (darwin-arm64),step,Run actions/checkout@v7,success,,2026-10-02T09:40:00Z,2026-10-02T09:40:04Z,4.0,
36989726110,1,CLI Installer Smoke,Build dev native CLI (darwin-arm64),step,Run pnpm/action-setup@v6,success,,2026-10-02T09:40:04Z,2026-10-02T09:40:11Z,7.0,
36989726110,1,CLI Installer Smoke,Build dev native CLI (darwin-arm64),step,Run actions/setup-node@v7,success,,2026-10-02T09:40:11Z,2026-10-02T09:40:41Z,30.0,
36989726110,1,CLI Installer Smoke,Build dev native CLI (darwin-arm64),step,Run oven-sh/setup-bun@v2,success,,2026-10-02T09:40:41Z,2026-10-02T09:40:44Z,3.0,
36989726110,1,CLI Installer Smoke,Build dev native CLI (darwin-arm64),step,Run pnpm install --frozen-lockfile --filter='!@traderalice/desktop',success,,2026-10-02T09:40:44Z,2026-10-02T09:41:07Z,23.0,
36989726110,1,CLI Installer Smoke,Build dev native CLI (darwin-arm64),step,Download platform-neutral inputs,success,,2026-10-02T09:41:07Z,2026-10-02T09:41:10Z,3.0,
36989726110,1,CLI Installer Smoke,Build dev native CLI (darwin-arm64),step,Verify and install commit-bound neutral inputs,success,,2026-10-02T09:41:10Z,2026-10-02T09:41:11Z,1.0,
36989726110,1,CLI Installer Smoke,Build dev native CLI (darwin-arm64),step,Accept multiprocess recovery once per dev commit,skipped,,2026-10-02T09:41:11Z,2026-10-02T09:41:11Z,0,
36989726110,1,CLI Installer Smoke,Build dev native CLI (darwin-arm64),step,Run actions/download-artifact@v4,success,,2026-10-02T09:41:11Z,2026-10-02T09:41:18Z,7.0,
36989726110,1,CLI Installer Smoke,Build dev native CLI (darwin-arm64),step,Build native CLI,success,,2026-10-02T09:41:18Z,2026-10-02T09:41:58Z,40.0,
36989726110,1,CLI Installer Smoke,Build dev native CLI (darwin-arm64),step,Name the native acceptance report,success,,2026-10-02T09:41:58Z,2026-10-02T09:41:58Z,0,
36989726110,1,CLI Installer Smoke,Build dev native CLI (darwin-arm64),step,Preserve accepted dev candidate,success,,2026-10-02T09:41:58Z,2026-10-02T09:42:02Z,4.0,
36989726110,1,CLI Installer Smoke,Build dev native CLI (darwin-arm64),step,Post Run oven-sh/setup-bun@v2,success,,2026-10-02T09:42:02Z,2026-10-02T09:42:02Z,0,
36989726110,1,CLI Installer Smoke,Build dev native CLI (darwin-arm64),step,Post Run actions/setup-node@v7,success,,2026-10-02T09:42:02Z,2026-10-02T09:42:02Z,0,
36989726110,1,CLI Installer Smoke,Build dev native CLI (darwin-arm64),step,Post Run pnpm/action-setup@v6,success,,2026-10-02T09:42:02Z,2026-10-02T09:42:03Z,1.0,
36989726110,1,CLI Installer Smoke,Build dev native CLI (darwin-arm64),step,Post Run actions/checkout@v7,success,,2026-10-02T09:42:03Z,2026-10-02T09:42:04Z,1.0,
36989726110,1,CLI Installer Smoke,Build dev native CLI (darwin-arm64),step,Complete job,success,,2026-10-02T09:42:04Z,2026-10-02T09:42:04Z,0,
36989726110,1,CLI Installer Smoke,Build dev native CLI (darwin-x64),job,,success,2026-10-02T09:39:46Z,2026-10-02T09:39:53Z,2026-10-02T09:44:17Z,264.0,7.0
36989726110,1,CLI Installer Smoke,Build dev native CLI (darwin-x64),step,Set up job,success,,2026-10-02T09:39:54Z,2026-10-02T09:40:00Z,6.0,
36989726110,1,CLI Installer Smoke,Build dev native CLI (darwin-x64),step,Run actions/checkout@v7,success,,2026-10-02T09:40:00Z,2026-10-02T09:40:07Z,7.0,
36989726110,1,CLI Installer Smoke,Build dev native CLI (darwin-x64),step,Run pnpm/action-setup@v6,success,,2026-10-02T09:40:07Z,2026-10-02T09:40:49Z,42.0,
36989726110,1,CLI Installer Smoke,Build dev native CLI (darwin-x64),step,Run actions/setup-node@v7,success,,2026-10-02T09:40:49Z,2026-10-02T09:41:50Z,61.0,
36989726110,1,CLI Installer Smoke,Build dev native CLI (darwin-x64),step,Run oven-sh/setup-bun@v2,success,,2026-10-02T09:41:50Z,2026-10-02T09:41:53Z,3.0,
36989726110,1,CLI Installer Smoke,Build dev native CLI (darwin-x64),step,Run pnpm install --frozen-lockfile --filter='!@traderalice/desktop',success,,2026-10-02T09:41:53Z,2026-10-02T09:42:39Z,46.0,
36989726110,1,CLI Installer Smoke,Build dev native CLI (darwin-x64),step,Download platform-neutral inputs,success,,2026-10-02T09:42:39Z,2026-10-02T09:42:43Z,4.0,
36989726110,1,CLI Installer Smoke,Build dev native CLI (darwin-x64),step,Verify and install commit-bound neutral inputs,success,,2026-10-02T09:42:43Z,2026-10-02T09:42:46Z,3.0,
36989726110,1,CLI Installer Smoke,Build dev native CLI (darwin-x64),step,Accept multiprocess recovery once per dev commit,skipped,,2026-10-02T09:42:46Z,2026-10-02T09:42:46Z,0,
36989726110,1,CLI Installer Smoke,Build dev native CLI (darwin-x64),step,Run actions/download-artifact@v4,success,,2026-10-02T09:42:46Z,2026-10-02T09:42:50Z,4.0,
36989726110,1,CLI Installer Smoke,Build dev native CLI (darwin-x64),step,Build native CLI,success,,2026-10-02T09:42:50Z,2026-10-02T09:44:03Z,73.0,
36989726110,1,CLI Installer Smoke,Build dev native CLI (darwin-x64),step,Name the native acceptance report,success,,2026-10-02T09:44:03Z,2026-10-02T09:44:03Z,0,
36989726110,1,CLI Installer Smoke,Build dev native CLI (darwin-x64),step,Preserve accepted dev candidate,success,,2026-10-02T09:44:03Z,2026-10-02T09:44:11Z,8.0,
36989726110,1,CLI Installer Smoke,Build dev native CLI (darwin-x64),step,Post Run oven-sh/setup-bun@v2,success,,2026-10-02T09:44:11Z,2026-10-02T09:44:11Z,0,
36989726110,1,CLI Installer Smoke,Build dev native CLI (darwin-x64),step,Post Run actions/setup-node@v7,success,,2026-10-02T09:44:11Z,2026-10-02T09:44:12Z,1.0,
36989726110,1,CLI Installer Smoke,Build dev native CLI (darwin-x64),step,Post Run pnpm/action-setup@v6,success,,2026-10-02T09:44:12Z,2026-10-02T09:44:12Z,0,
36989726110,1,CLI Installer Smoke,Build dev native CLI (darwin-x64),step,Post Run actions/checkout@v7,success,,2026-10-02T09:44:12Z,2026-10-02T09:44:14Z,2.0,
36989726110,1,CLI Installer Smoke,Build dev native CLI (darwin-x64),step,Complete job,success,,2026-10-02T09:44:14Z,2026-10-02T09:44:14Z,0,
36989726110,1,CLI Installer Smoke,Build dev native CLI (linux-x64),job,,success,2026-10-02T09:39:46Z,2026-10-02T09:39:49Z,2026-10-02T09:41:30Z,101.0,3.0
36989726110,1,CLI Installer Smoke,Build dev native CLI (linux-x64),step,Set up job,success,,2026-10-02T09:39:50Z,2026-10-02T09:39:52Z,2.0,
36989726110,1,CLI Installer Smoke,Build dev native CLI (linux-x64),step,Run actions/checkout@v7,success,,2026-10-02T09:39:52Z,2026-10-02T09:39:55Z,3.0,
36989726110,1,CLI Installer Smoke,Build dev native CLI (linux-x64),step,Run pnpm/action-setup@v6,success,,2026-10-02T09:39:55Z,2026-10-02T09:40:01Z,6.0,
36989726110,1,CLI Installer Smoke,Build dev native CLI (linux-x64),step,Run actions/setup-node@v7,success,,2026-10-02T09:40:01Z,2026-10-02T09:40:14Z,13.0,
36989726110,1,CLI Installer Smoke,Build dev native CLI (linux-x64),step,Run oven-sh/setup-bun@v2,success,,2026-10-02T09:40:14Z,2026-10-02T09:40:18Z,4.0,
36989726110,1,CLI Installer Smoke,Build dev native CLI (linux-x64),step,Run pnpm install --frozen-lockfile --filter='!@traderalice/desktop',success,,2026-10-02T09:40:18Z,2026-10-02T09:40:25Z,7.0,
36989726110,1,CLI Installer Smoke,Build dev native CLI (linux-x64),step,Download platform-neutral inputs,success,,2026-10-02T09:40:25Z,2026-10-02T09:40:27Z,2.0,
36989726110,1,CLI Installer Smoke,Build dev native CLI (linux-x64),step,Verify and install commit-bound neutral inputs,success,,2026-10-02T09:40:27Z,2026-10-02T09:40:27Z,0,
36989726110,1,CLI Installer Smoke,Build dev native CLI (linux-x64),step,Accept multiprocess recovery once per dev commit,success,,2026-10-02T09:40:27Z,2026-10-02T09:40:41Z,14.0,
36989726110,1,CLI Installer Smoke,Build dev native CLI (linux-x64),step,Run actions/download-artifact@v4,success,,2026-10-02T09:40:41Z,2026-10-02T09:40:47Z,6.0,
36989726110,1,CLI Installer Smoke,Build dev native CLI (linux-x64),step,Build native CLI,success,,2026-10-02T09:40:47Z,2026-10-02T09:41:24Z,37.0,
36989726110,1,CLI Installer Smoke,Build dev native CLI (linux-x64),step,Name the native acceptance report,success,,2026-10-02T09:41:24Z,2026-10-02T09:41:24Z,0,
36989726110,1,CLI Installer Smoke,Build dev native CLI (linux-x64),step,Preserve accepted dev candidate,success,,2026-10-02T09:41:24Z,2026-10-02T09:41:26Z,2.0,
36989726110,1,CLI Installer Smoke,Build dev native CLI (linux-x64),step,Post Run oven-sh/setup-bun@v2,success,,2026-10-02T09:41:26Z,2026-10-02T09:41:27Z,1.0,
36989726110,1,CLI Installer Smoke,Build dev native CLI (linux-x64),step,Post Run actions/setup-node@v7,success,,2026-10-02T09:41:27Z,2026-10-02T09:41:27Z,0,
36989726110,1,CLI Installer Smoke,Build dev native CLI (linux-x64),step,Post Run pnpm/action-setup@v6,success,,2026-10-02T09:41:27Z,2026-10-02T09:41:27Z,0,
36989726110,1,CLI Installer Smoke,Build dev native CLI (linux-x64),step,Post Run actions/checkout@v7,success,,2026-10-02T09:41:27Z,2026-10-02T09:41:27Z,0,
36989726110,1,CLI Installer Smoke,Build dev native CLI (linux-x64),step,Complete job,success,,2026-10-02T09:41:27Z,2026-10-02T09:41:27Z,0,
36989726110,1,CLI Installer Smoke,Build dev native CLI (linux-arm64),job,,success,2026-10-02T09:39:46Z,2026-10-02T09:39:51Z,2026-10-02T09:40:58Z,67.0,5.0
36989726110,1,CLI Installer Smoke,Build dev native CLI (linux-arm64),step,Set up job,success,,2026-10-02T09:39:52Z,2026-10-02T09:39:54Z,2.0,
36989726110,1,CLI Installer Smoke,Build dev native CLI (linux-arm64),step,Run actions/checkout@v7,success,,2026-10-02T09:39:54Z,2026-10-02T09:39:57Z,3.0,
36989726110,1,CLI Installer Smoke,Build dev native CLI (linux-arm64),step,Run pnpm/action-setup@v6,success,,2026-10-02T09:39:57Z,2026-10-02T09:40:00Z,3.0,
36989726110,1,CLI Installer Smoke,Build dev native CLI (linux-arm64),step,Run actions/setup-node@v7,success,,2026-10-02T09:40:00Z,2026-10-02T09:40:08Z,8.0,
36989726110,1,CLI Installer Smoke,Build dev native CLI (linux-arm64),step,Run oven-sh/setup-bun@v2,success,,2026-10-02T09:40:08Z,2026-10-02T09:40:09Z,1.0,
36989726110,1,CLI Installer Smoke,Build dev native CLI (linux-arm64),step,Run pnpm install --frozen-lockfile --filter='!@traderalice/desktop',success,,2026-10-02T09:40:09Z,2026-10-02T09:40:17Z,8.0,
36989726110,1,CLI Installer Smoke,Build dev native CLI (linux-arm64),step,Download platform-neutral inputs,success,,2026-10-02T09:40:17Z,2026-10-02T09:40:18Z,1.0,
36989726110,1,CLI Installer Smoke,Build dev native CLI (linux-arm64),step,Verify and install commit-bound neutral inputs,success,,2026-10-02T09:40:18Z,2026-10-02T09:40:18Z,0,
36989726110,1,CLI Installer Smoke,Build dev native CLI (linux-arm64),step,Accept multiprocess recovery once per dev commit,skipped,,2026-10-02T09:40:18Z,2026-10-02T09:40:18Z,0,
36989726110,1,CLI Installer Smoke,Build dev native CLI (linux-arm64),step,Run actions/download-artifact@v4,success,,2026-10-02T09:40:18Z,2026-10-02T09:40:20Z,2.0,
36989726110,1,CLI Installer Smoke,Build dev native CLI (linux-arm64),step,Build native CLI,success,,2026-10-02T09:40:20Z,2026-10-02T09:40:54Z,34.0,
36989726110,1,CLI Installer Smoke,Build dev native CLI (linux-arm64),step,Name the native acceptance report,success,,2026-10-02T09:40:54Z,2026-10-02T09:40:54Z,0,
36989726110,1,CLI Installer Smoke,Build dev native CLI (linux-arm64),step,Preserve accepted dev candidate,success,,2026-10-02T09:40:54Z,2026-10-02T09:40:55Z,1.0,
36989726110,1,CLI Installer Smoke,Build dev native CLI (linux-arm64),step,Post Run oven-sh/setup-bun@v2,success,,2026-10-02T09:40:55Z,2026-10-02T09:40:55Z,0,
36989726110,1,CLI Installer Smoke,Build dev native CLI (linux-arm64),step,Post Run actions/setup-node@v7,success,,2026-10-02T09:40:55Z,2026-10-02T09:40:55Z,0,
36989726110,1,CLI Installer Smoke,Build dev native CLI (linux-arm64),step,Post Run pnpm/action-setup@v6,success,,2026-10-02T09:40:55Z,2026-10-02T09:40:55Z,0,
36989726110,1,CLI Installer Smoke,Build dev native CLI (linux-arm64),step,Post Run actions/checkout@v7,success,,2026-10-02T09:40:55Z,2026-10-02T09:40:56Z,1.0,
36989726110,1,CLI Installer Smoke,Build dev native CLI (linux-arm64),step,Complete job,success,,2026-10-02T09:40:56Z,2026-10-02T09:40:56Z,0,
36989726110,1,CLI Installer Smoke,build-dev-cli-windows / Windows CLI (x64),job,,success,2026-10-02T09:39:46Z,2026-10-02T09:39:49Z,2026-10-02T09:40:33Z,44.0,3.0
36989726110,1,CLI Installer Smoke,build-dev-cli-windows / Windows CLI (x64),step,Set up job,success,,2026-10-02T09:39:50Z,2026-10-02T09:39:54Z,4.0,
36989726110,1,CLI Installer Smoke,build-dev-cli-windows / Windows CLI (x64),step,Run actions/checkout@v7,success,,2026-10-02T09:39:54Z,2026-10-02T09:39:56Z,2.0,
36989726110,1,CLI Installer Smoke,build-dev-cli-windows / Windows CLI (x64),step,Run pnpm/action-setup@v6,success,,2026-10-02T09:39:56Z,2026-10-02T09:39:59Z,3.0,
36989726110,1,CLI Installer Smoke,build-dev-cli-windows / Windows CLI (x64),step,Run actions/setup-node@v7,success,,2026-10-02T09:39:59Z,2026-10-02T09:40:09Z,10.0,
36989726110,1,CLI Installer Smoke,build-dev-cli-windows / Windows CLI (x64),step,Run oven-sh/setup-bun@v2,success,,2026-10-02T09:40:09Z,2026-10-02T09:40:11Z,2.0,
36989726110,1,CLI Installer Smoke,build-dev-cli-windows / Windows CLI (x64),step,Run pnpm install --frozen-lockfile --filter='!@traderalice/desktop',success,,2026-10-02T09:40:11Z,2026-10-02T09:40:19Z,8.0,
36989726110,1,CLI Installer Smoke,build-dev-cli-windows / Windows CLI (x64),step,Run pnpm build:server,skipped,,2026-10-02T09:40:19Z,2026-10-02T09:40:19Z,0,
36989726110,1,CLI Installer Smoke,build-dev-cli-windows / Windows CLI (x64),step,Reuse shared server inputs,success,,2026-10-02T09:40:19Z,2026-10-02T09:40:21Z,2.0,
36989726110,1,CLI Installer Smoke,build-dev-cli-windows / Windows CLI (x64),step,Verify shared server inputs,success,,2026-10-02T09:40:21Z,2026-10-02T09:40:21Z,0,
36989726110,1,CLI Installer Smoke,build-dev-cli-windows / Windows CLI (x64),step,Run actions/download-artifact@v4,success,,2026-10-02T09:40:21Z,2026-10-02T09:40:22Z,1.0,
36989726110,1,CLI Installer Smoke,build-dev-cli-windows / Windows CLI (x64),step,Assemble preview before native acceptance,success,,2026-10-02T09:40:22Z,2026-10-02T09:40:29Z,7.0,
36989726110,1,CLI Installer Smoke,build-dev-cli-windows / Windows CLI (x64),step,Preserve complete candidate for reproduction,success,,2026-10-02T09:40:29Z,2026-10-02T09:40:30Z,1.0,
36989726110,1,CLI Installer Smoke,build-dev-cli-windows / Windows CLI (x64),step,Reuse an existing candidate without installing dependencies or rebuilding,skipped,,2026-10-02T09:40:30Z,2026-10-02T09:40:30Z,0,
36989726110,1,CLI Installer Smoke,build-dev-cli-windows / Windows CLI (x64),step,Check native ConPTY input resize and independent termination,skipped,,2026-10-02T09:40:30Z,2026-10-02T09:40:30Z,0,
36989726110,1,CLI Installer Smoke,build-dev-cli-windows / Windows CLI (x64),step,Install and start the packaged Runtime,skipped,,2026-10-02T09:40:30Z,2026-10-02T09:40:30Z,0,
36989726110,1,CLI Installer Smoke,build-dev-cli-windows / Windows CLI (x64),step,Accept Windows npm and Bun native command shims,skipped,,2026-10-02T09:40:30Z,2026-10-02T09:40:30Z,0,
36989726110,1,CLI Installer Smoke,build-dev-cli-windows / Windows CLI (x64),step,Preserve native verification receipt,success,,2026-10-02T09:40:30Z,2026-10-02T09:40:31Z,1.0,
36989726110,1,CLI Installer Smoke,build-dev-cli-windows / Windows CLI (x64),step,Post Run oven-sh/setup-bun@v2,success,,2026-10-02T09:40:31Z,2026-10-02T09:40:31Z,0,
36989726110,1,CLI Installer Smoke,build-dev-cli-windows / Windows CLI (x64),step,Post Run actions/setup-node@v7,success,,2026-10-02T09:40:31Z,2026-10-02T09:40:31Z,0,
36989726110,1,CLI Installer Smoke,build-dev-cli-windows / Windows CLI (x64),step,Post Run pnpm/action-setup@v6,success,,2026-10-02T09:40:31Z,2026-10-02T09:40:31Z,0,
36989726110,1,CLI Installer Smoke,build-dev-cli-windows / Windows CLI (x64),step,Post Run actions/checkout@v7,success,,2026-10-02T09:40:31Z,2026-10-02T09:40:31Z,0,
36989726110,1,CLI Installer Smoke,build-dev-cli-windows / Windows CLI (x64),step,Complete job,success,,2026-10-02T09:40:31Z,2026-10-02T09:40:31Z,0,
36989726110,1,CLI Installer Smoke,build-dev-cli-windows / Windows CLI (arm64),job,,success,2026-10-02T09:39:46Z,2026-10-02T09:39:49Z,2026-10-02T09:40:28Z,39.0,3.0
36989726110,1,CLI Installer Smoke,build-dev-cli-windows / Windows CLI (arm64),step,Set up job,success,,2026-10-02T09:39:50Z,2026-10-02T09:39:52Z,2.0,
36989726110,1,CLI Installer Smoke,build-dev-cli-windows / Windows CLI (arm64),step,Run actions/checkout@v7,success,,2026-10-02T09:39:52Z,2026-10-02T09:39:55Z,3.0,
36989726110,1,CLI Installer Smoke,build-dev-cli-windows / Windows CLI (arm64),step,Run pnpm/action-setup@v6,success,,2026-10-02T09:39:55Z,2026-10-02T09:39:58Z,3.0,
36989726110,1,CLI Installer Smoke,build-dev-cli-windows / Windows CLI (arm64),step,Run actions/setup-node@v7,success,,2026-10-02T09:39:58Z,2026-10-02T09:40:07Z,9.0,
36989726110,1,CLI Installer Smoke,build-dev-cli-windows / Windows CLI (arm64),step,Run oven-sh/setup-bun@v2,success,,2026-10-02T09:40:07Z,2026-10-02T09:40:09Z,2.0,
36989726110,1,CLI Installer Smoke,build-dev-cli-windows / Windows CLI (arm64),step,Run pnpm install --frozen-lockfile --filter='!@traderalice/desktop',success,,2026-10-02T09:40:09Z,2026-10-02T09:40:15Z,6.0,
36989726110,1,CLI Installer Smoke,build-dev-cli-windows / Windows CLI (arm64),step,Run pnpm build:server,skipped,,2026-10-02T09:40:15Z,2026-10-02T09:40:15Z,0,
36989726110,1,CLI Installer Smoke,build-dev-cli-windows / Windows CLI (arm64),step,Reuse shared server inputs,success,,2026-10-02T09:40:15Z,2026-10-02T09:40:16Z,1.0,
36989726110,1,CLI Installer Smoke,build-dev-cli-windows / Windows CLI (arm64),step,Verify shared server inputs,success,,2026-10-02T09:40:16Z,2026-10-02T09:40:17Z,1.0,
36989726110,1,CLI Installer Smoke,build-dev-cli-windows / Windows CLI (arm64),step,Run actions/download-artifact@v4,success,,2026-10-02T09:40:17Z,2026-10-02T09:40:18Z,1.0,
36989726110,1,CLI Installer Smoke,build-dev-cli-windows / Windows CLI (arm64),step,Assemble preview before native acceptance,success,,2026-10-02T09:40:18Z,2026-10-02T09:40:24Z,6.0,
36989726110,1,CLI Installer Smoke,build-dev-cli-windows / Windows CLI (arm64),step,Preserve complete candidate for reproduction,success,,2026-10-02T09:40:24Z,2026-10-02T09:40:25Z,1.0,
36989726110,1,CLI Installer Smoke,build-dev-cli-windows / Windows CLI (arm64),step,Reuse an existing candidate without installing dependencies or rebuilding,skipped,,2026-10-02T09:40:25Z,2026-10-02T09:40:25Z,0,
36989726110,1,CLI Installer Smoke,build-dev-cli-windows / Windows CLI (arm64),step,Check native ConPTY input resize and independent termination,skipped,,2026-10-02T09:40:25Z,2026-10-02T09:40:25Z,0,
36989726110,1,CLI Installer Smoke,build-dev-cli-windows / Windows CLI (arm64),step,Install and start the packaged Runtime,skipped,,2026-10-02T09:40:25Z,2026-10-02T09:40:25Z,0,
36989726110,1,CLI Installer Smoke,build-dev-cli-windows / Windows CLI (arm64),step,Accept Windows npm and Bun native command shims,skipped,,2026-10-02T09:40:25Z,2026-10-02T09:40:25Z,0,
36989726110,1,CLI Installer Smoke,build-dev-cli-windows / Windows CLI (arm64),step,Preserve native verification receipt,success,,2026-10-02T09:40:25Z,2026-10-02T09:40:25Z,0,
36989726110,1,CLI Installer Smoke,build-dev-cli-windows / Windows CLI (arm64),step,Post Run oven-sh/setup-bun@v2,success,,2026-10-02T09:40:25Z,2026-10-02T09:40:26Z,1.0,
36989726110,1,CLI Installer Smoke,build-dev-cli-windows / Windows CLI (arm64),step,Post Run actions/setup-node@v7,success,,2026-10-02T09:40:26Z,2026-10-02T09:40:26Z,0,
36989726110,1,CLI Installer Smoke,build-dev-cli-windows / Windows CLI (arm64),step,Post Run pnpm/action-setup@v6,success,,2026-10-02T09:40:26Z,2026-10-02T09:40:26Z,0,
36989726110,1,CLI Installer Smoke,build-dev-cli-windows / Windows CLI (arm64),step,Post Run actions/checkout@v7,success,,2026-10-02T09:40:26Z,2026-10-02T09:40:26Z,0,
36989726110,1,CLI Installer Smoke,build-dev-cli-windows / Windows CLI (arm64),step,Complete job,success,,2026-10-02T09:40:26Z,2026-10-02T09:40:26Z,0,
36989726110,1,CLI Installer Smoke,Publish immutable dev CLI candidate,job,,success,2026-10-02T09:44:17Z,2026-10-02T09:44:20Z,2026-10-02T09:46:56Z,156.0,3.0
36989726110,1,CLI Installer Smoke,Publish immutable dev CLI candidate,step,Set up job,success,,2026-10-02T09:44:20Z,2026-10-02T09:44:21Z,1.0,
36989726110,1,CLI Installer Smoke,Publish immutable dev CLI candidate,step,Run actions/checkout@v7,success,,2026-10-02T09:44:21Z,2026-10-02T09:44:23Z,2.0,
36989726110,1,CLI Installer Smoke,Publish immutable dev CLI candidate,step,Run actions/setup-node@v7,success,,2026-10-02T09:44:23Z,2026-10-02T09:44:28Z,5.0,
36989726110,1,CLI Installer Smoke,Publish immutable dev CLI candidate,step,Run actions/download-artifact@v4,success,,2026-10-02T09:44:28Z,2026-10-02T09:44:29Z,1.0,
36989726110,1,CLI Installer Smoke,Publish immutable dev CLI candidate,step,Run actions/download-artifact@v4,success,,2026-10-02T09:44:29Z,2026-10-02T09:44:32Z,3.0,
36989726110,1,CLI Installer Smoke,Publish immutable dev CLI candidate,step,Validate candidates and prepare candidate receipt,success,,2026-10-02T09:44:32Z,2026-10-02T09:44:48Z,16.0,
36989726110,1,CLI Installer Smoke,Publish immutable dev CLI candidate,step,Install AWS CLI,success,,2026-10-02T09:44:48Z,2026-10-02T09:44:51Z,3.0,
36989726110,1,CLI Installer Smoke,Publish immutable dev CLI candidate,step,Publish immutable candidate without overwriting accepted bytes,success,,2026-10-02T09:44:51Z,2026-10-02T09:46:54Z,123.0,
36989726110,1,CLI Installer Smoke,Publish immutable dev CLI candidate,step,Preserve candidate activation receipt,success,,2026-10-02T09:46:54Z,2026-10-02T09:46:54Z,0,
36989726110,1,CLI Installer Smoke,Publish immutable dev CLI candidate,step,Post Run actions/setup-node@v7,success,,2026-10-02T09:46:54Z,2026-10-02T09:46:54Z,0,
36989726110,1,CLI Installer Smoke,Publish immutable dev CLI candidate,step,Post Run actions/checkout@v7,success,,2026-10-02T09:46:54Z,2026-10-02T09:46:54Z,0,
36989726110,1,CLI Installer Smoke,Publish immutable dev CLI candidate,step,Complete job,success,,2026-10-02T09:46:54Z,2026-10-02T09:46:55Z,1.0,
36989726110,1,CLI Installer Smoke,Activate current dev CLI channel,job,,success,2026-10-02T09:46:57Z,2026-10-02T09:46:59Z,2026-10-02T09:47:43Z,44.0,2.0
36989726110,1,CLI Installer Smoke,Activate current dev CLI channel,step,Set up job,success,,2026-10-02T09:47:00Z,2026-10-02T09:47:02Z,2.0,
36989726110,1,CLI Installer Smoke,Activate current dev CLI channel,step,Run actions/checkout@v7,success,,2026-10-02T09:47:02Z,2026-10-02T09:47:05Z,3.0,
36989726110,1,CLI Installer Smoke,Activate current dev CLI channel,step,Check whether candidate is current dev head,success,,2026-10-02T09:47:05Z,2026-10-02T09:47:05Z,0,
36989726110,1,CLI Installer Smoke,Activate current dev CLI channel,step,Run actions/setup-node@v7,success,,2026-10-02T09:47:05Z,2026-10-02T09:47:10Z,5.0,
36989726110,1,CLI Installer Smoke,Activate current dev CLI channel,step,Run actions/download-artifact@v4,success,,2026-10-02T09:47:10Z,2026-10-02T09:47:13Z,3.0,
36989726110,1,CLI Installer Smoke,Activate current dev CLI channel,step,Run actions/download-artifact@v4,success,,2026-10-02T09:47:13Z,2026-10-02T09:47:14Z,1.0,
36989726110,1,CLI Installer Smoke,Activate current dev CLI channel,step,Install AWS CLI,success,,2026-10-02T09:47:14Z,2026-10-02T09:47:18Z,4.0,
36989726110,1,CLI Installer Smoke,Activate current dev CLI channel,step,Revalidate dev head before mutable activation,success,,2026-10-02T09:47:18Z,2026-10-02T09:47:19Z,1.0,
36989726110,1,CLI Installer Smoke,Activate current dev CLI channel,step,Activate manifest and transitional aliases,success,,2026-10-02T09:47:19Z,2026-10-02T09:47:40Z,21.0,
36989726110,1,CLI Installer Smoke,Activate current dev CLI channel,step,Post Run actions/setup-node@v7,success,,2026-10-02T09:47:40Z,2026-10-02T09:47:40Z,0,
36989726110,1,CLI Installer Smoke,Activate current dev CLI channel,step,Post Run actions/checkout@v7,success,,2026-10-02T09:47:40Z,2026-10-02T09:47:40Z,0,
36989726110,1,CLI Installer Smoke,Activate current dev CLI channel,step,Complete job,success,,2026-10-02T09:47:40Z,2026-10-02T09:47:40Z,0,
36989726110,1,CLI Installer Smoke,Live raw dev channel install,job,,success,2026-10-02T09:47:43Z,2026-10-02T09:47:46Z,2026-10-02T09:48:17Z,31.0,3.0
36989726110,1,CLI Installer Smoke,Live raw dev channel install,step,Set up job,success,,2026-10-02T09:47:46Z,2026-10-02T09:47:47Z,1.0,
36989726110,1,CLI Installer Smoke,Live raw dev channel install,step,Run actions/checkout@v7,success,,2026-10-02T09:47:47Z,2026-10-02T09:47:50Z,3.0,
36989726110,1,CLI Installer Smoke,Live raw dev channel install,step,Run actions/setup-node@v7,success,,2026-10-02T09:47:50Z,2026-10-02T09:47:54Z,4.0,
36989726110,1,CLI Installer Smoke,Live raw dev channel install,step,Install raw dev script and dev payload in a clean host,success,,2026-10-02T09:47:54Z,2026-10-02T09:48:14Z,20.0,
36989726110,1,CLI Installer Smoke,Live raw dev channel install,step,Post Run actions/setup-node@v7,success,,2026-10-02T09:48:14Z,2026-10-02T09:48:14Z,0,
36989726110,1,CLI Installer Smoke,Live raw dev channel install,step,Post Run actions/checkout@v7,success,,2026-10-02T09:48:14Z,2026-10-02T09:48:14Z,0,
36989726110,1,CLI Installer Smoke,Live raw dev channel install,step,Complete job,success,,2026-10-02T09:48:14Z,2026-10-02T09:48:14Z,0,
36989818641,1,Full Source Validation,source-contracts,job,,success,2026-10-02T09:26:50Z,2026-10-02T09:26:52Z,2026-10-02T09:28:29Z,97.0,2.0
36989818641,1,Full Source Validation,source-contracts,step,Set up job,success,,2026-10-02T09:26:53Z,2026-10-02T09:26:55Z,2.0,
36989818641,1,Full Source Validation,source-contracts,step,Run actions/checkout@v7,success,,2026-10-02T09:26:55Z,2026-10-02T09:26:59Z,4.0,
36989818641,1,Full Source Validation,source-contracts,step,Run actions/setup-node@v7,success,,2026-10-02T09:26:59Z,2026-10-02T09:27:00Z,1.0,
36989818641,1,Full Source Validation,source-contracts,step,Detect exact beta release preparation,success,,2026-10-02T09:27:00Z,2026-10-02T09:27:00Z,0,
36989818641,1,Full Source Validation,source-contracts,step,Run pnpm/action-setup@v6,success,,2026-10-02T09:27:00Z,2026-10-02T09:27:04Z,4.0,
36989818641,1,Full Source Validation,source-contracts,step,Run actions/setup-node@v7,success,,2026-10-02T09:27:04Z,2026-10-02T09:27:12Z,8.0,
36989818641,1,Full Source Validation,source-contracts,step,Run pnpm install --frozen-lockfile,success,,2026-10-02T09:27:12Z,2026-10-02T09:27:23Z,11.0,
36989818641,1,Full Source Validation,source-contracts,step,Verify CI workflow contracts,success,,2026-10-02T09:27:23Z,2026-10-02T09:27:31Z,8.0,
36989818641,1,Full Source Validation,source-contracts,step,Verify required local product and protocol evidence,success,,2026-10-02T09:27:31Z,2026-10-02T09:27:41Z,10.0,
36989818641,1,Full Source Validation,source-contracts,step,Upload required evidence receipt,success,,2026-10-02T09:27:41Z,2026-10-02T09:27:42Z,1.0,
36989818641,1,Full Source Validation,source-contracts,step,Typecheck root workspace,success,,2026-10-02T09:27:42Z,2026-10-02T09:27:53Z,11.0,
36989818641,1,Full Source Validation,source-contracts,step,Typecheck registered suites,success,,2026-10-02T09:27:53Z,2026-10-02T09:28:25Z,32.0,
36989818641,1,Full Source Validation,source-contracts,step,Post Run actions/setup-node@v7,success,,2026-10-02T09:28:25Z,2026-10-02T09:28:25Z,0,
36989818641,1,Full Source Validation,source-contracts,step,Post Run pnpm/action-setup@v6,success,,2026-10-02T09:28:25Z,2026-10-02T09:28:26Z,1.0,
36989818641,1,Full Source Validation,source-contracts,step,Post Run actions/setup-node@v7,success,,2026-10-02T09:28:26Z,2026-10-02T09:28:26Z,0,
36989818641,1,Full Source Validation,source-contracts,step,Post Run actions/checkout@v7,success,,2026-10-02T09:28:26Z,2026-10-02T09:28:26Z,0,
36989818641,1,Full Source Validation,source-contracts,step,Complete job,success,,2026-10-02T09:28:26Z,2026-10-02T09:28:26Z,0,
36989818641,1,Full Source Validation,dev-smoke,job,,success,2026-10-02T09:28:29Z,2026-10-02T09:28:34Z,2026-10-02T09:31:04Z,150.0,5.0
36989818641,1,Full Source Validation,dev-smoke,step,Set up job,success,,2026-10-02T09:28:35Z,2026-10-02T09:28:37Z,2.0,
36989818641,1,Full Source Validation,dev-smoke,step,Run actions/checkout@v7,success,,2026-10-02T09:28:37Z,2026-10-02T09:28:47Z,10.0,
36989818641,1,Full Source Validation,dev-smoke,step,Run pnpm/action-setup@v6,success,,2026-10-02T09:28:47Z,2026-10-02T09:29:07Z,20.0,
36989818641,1,Full Source Validation,dev-smoke,step,Run actions/setup-node@v7,success,,2026-10-02T09:29:07Z,2026-10-02T09:29:13Z,6.0,
36989818641,1,Full Source Validation,dev-smoke,step,Run pnpm install --frozen-lockfile --filter='!@traderalice/desktop',success,,2026-10-02T09:29:13Z,2026-10-02T09:29:42Z,29.0,
36989818641,1,Full Source Validation,dev-smoke,step,Build Guardian entry package dependencies,success,,2026-10-02T09:29:42Z,2026-10-02T09:29:47Z,5.0,
36989818641,1,Full Source Validation,dev-smoke,step,Exercise Guardian recovery with real child processes,success,,2026-10-02T09:29:47Z,2026-10-02T09:30:12Z,25.0,
36989818641,1,Full Source Validation,dev-smoke,step,Boot the complete development stack,success,,2026-10-02T09:30:12Z,2026-10-02T09:30:45Z,33.0,
36989818641,1,Full Source Validation,dev-smoke,step,Post Run actions/setup-node@v7,success,,2026-10-02T09:30:45Z,2026-10-02T09:31:00Z,15.0,
36989818641,1,Full Source Validation,dev-smoke,step,Post Run pnpm/action-setup@v6,success,,2026-10-02T09:31:00Z,2026-10-02T09:31:00Z,0,
36989818641,1,Full Source Validation,dev-smoke,step,Post Run actions/checkout@v7,success,,2026-10-02T09:31:00Z,2026-10-02T09:31:02Z,2.0,
36989818641,1,Full Source Validation,dev-smoke,step,Complete job,success,,2026-10-02T09:31:02Z,2026-10-02T09:31:02Z,0,
36989818641,1,Full Source Validation,workspace-build,job,,skipped,2026-10-02T09:28:29Z,2026-10-02T09:28:29Z,2026-10-02T09:28:29Z,0,0
36989818641,1,Full Source Validation,cross-platform-test,job,,skipped,2026-10-02T09:28:29Z,2026-10-02T09:28:29Z,2026-10-02T09:28:29Z,0,0
36989818641,1,Full Source Validation,hermetic-tests,job,,skipped,2026-10-02T09:28:29Z,2026-10-02T09:28:29Z,2026-10-02T09:28:29Z,0,0
36989818729,1,Desktop Package Smoke,fast preflight,job,,success,2026-10-02T09:26:50Z,2026-10-02T09:26:53Z,2026-10-02T09:27:40Z,47.0,3.0
36989818729,1,Desktop Package Smoke,fast preflight,step,Set up job,success,,2026-10-02T09:26:53Z,2026-10-02T09:26:54Z,1.0,
36989818729,1,Desktop Package Smoke,fast preflight,step,Run actions/checkout@v7,success,,2026-10-02T09:26:54Z,2026-10-02T09:26:59Z,5.0,
36989818729,1,Desktop Package Smoke,fast preflight,step,Run actions/setup-node@v7,success,,2026-10-02T09:26:59Z,2026-10-02T09:26:59Z,0,
36989818729,1,Desktop Package Smoke,fast preflight,step,Detect exact beta release preparation,success,,2026-10-02T09:26:59Z,2026-10-02T09:26:59Z,0,
36989818729,1,Desktop Package Smoke,fast preflight,step,Run pnpm/action-setup@v6,success,,2026-10-02T09:26:59Z,2026-10-02T09:27:02Z,3.0,
36989818729,1,Desktop Package Smoke,fast preflight,step,Run actions/setup-node@v7,success,,2026-10-02T09:27:02Z,2026-10-02T09:27:08Z,6.0,
36989818729,1,Desktop Package Smoke,fast preflight,step,Install dependencies,success,,2026-10-02T09:27:08Z,2026-10-02T09:27:16Z,8.0,
36989818729,1,Desktop Package Smoke,fast preflight,step,Verify CI workflow contracts,success,,2026-10-02T09:27:16Z,2026-10-02T09:27:24Z,8.0,
36989818729,1,Desktop Package Smoke,fast preflight,step,Typecheck root workspace,success,,2026-10-02T09:27:24Z,2026-10-02T09:27:37Z,13.0,
36989818729,1,Desktop Package Smoke,fast preflight,step,Post Run actions/setup-node@v7,success,,2026-10-02T09:27:37Z,2026-10-02T09:27:38Z,1.0,
36989818729,1,Desktop Package Smoke,fast preflight,step,Post Run pnpm/action-setup@v6,success,,2026-10-02T09:27:38Z,2026-10-02T09:27:38Z,0,
36989818729,1,Desktop Package Smoke,fast preflight,step,Post Run actions/setup-node@v7,success,,2026-10-02T09:27:38Z,2026-10-02T09:27:38Z,0,
36989818729,1,Desktop Package Smoke,fast preflight,step,Post Run actions/checkout@v7,success,,2026-10-02T09:27:38Z,2026-10-02T09:27:38Z,0,
36989818729,1,Desktop Package Smoke,fast preflight,step,Complete job,success,,2026-10-02T09:27:38Z,2026-10-02T09:27:38Z,0,
36989818729,1,Desktop Package Smoke,broker-packs windows-latest,job,,failure,2026-10-02T09:27:41Z,2026-10-02T09:27:43Z,2026-10-02T09:37:13Z,570.0,2.0
36989818729,1,Desktop Package Smoke,broker-packs windows-latest,step,Set up job,success,,2026-10-02T09:27:44Z,2026-10-02T09:27:45Z,1.0,
36989818729,1,Desktop Package Smoke,broker-packs windows-latest,step,Run actions/checkout@v7,success,,2026-10-02T09:27:45Z,2026-10-02T09:27:53Z,8.0,
36989818729,1,Desktop Package Smoke,broker-packs windows-latest,step,Run pnpm/action-setup@v6,success,,2026-10-02T09:27:53Z,2026-10-02T09:28:11Z,18.0,
36989818729,1,Desktop Package Smoke,broker-packs windows-latest,step,Run actions/setup-node@v7,success,,2026-10-02T09:28:11Z,2026-10-02T09:28:17Z,6.0,
36989818729,1,Desktop Package Smoke,broker-packs windows-latest,step,Install dependencies,success,,2026-10-02T09:28:17Z,2026-10-02T09:28:42Z,25.0,
36989818729,1,Desktop Package Smoke,broker-packs windows-latest,step,Run oven-sh/setup-bun@v2,success,,2026-10-02T09:28:42Z,2026-10-02T09:28:45Z,3.0,
36989818729,1,Desktop Package Smoke,broker-packs windows-latest,step,Build optional Broker Packs on Windows,success,,2026-10-02T09:28:45Z,2026-10-02T09:33:31Z,286.0,
36989818729,1,Desktop Package Smoke,broker-packs windows-latest,step,Verify Broker Packs in compiled runtime,success,,2026-10-02T09:33:31Z,2026-10-02T09:37:08Z,217.0,
36989818729,1,Desktop Package Smoke,broker-packs windows-latest,step,Prove previous-release Broker Pack upgrade on Windows,failure,,2026-10-02T09:37:08Z,2026-10-02T09:37:10Z,2.0,
36989818729,1,Desktop Package Smoke,broker-packs windows-latest,step,Post Run oven-sh/setup-bun@v2,skipped,,2026-10-02T09:37:10Z,2026-10-02T09:37:10Z,0,
36989818729,1,Desktop Package Smoke,broker-packs windows-latest,step,Post Run actions/setup-node@v7,skipped,,2026-10-02T09:37:10Z,2026-10-02T09:37:10Z,0,
36989818729,1,Desktop Package Smoke,broker-packs windows-latest,step,Post Run pnpm/action-setup@v6,success,,2026-10-02T09:37:10Z,2026-10-02T09:37:10Z,0,
36989818729,1,Desktop Package Smoke,broker-packs windows-latest,step,Post Run actions/checkout@v7,success,,2026-10-02T09:37:10Z,2026-10-02T09:37:12Z,2.0,
36989818729,1,Desktop Package Smoke,broker-packs windows-latest,step,Complete job,success,,2026-10-02T09:37:12Z,2026-10-02T09:37:12Z,0,
36989818729,1,Desktop Package Smoke,package macos-14,job,,success,2026-10-02T09:27:41Z,2026-10-02T09:27:49Z,2026-10-02T09:34:18Z,389.0,8.0
36989818729,1,Desktop Package Smoke,package macos-14,step,Set up job,success,,2026-10-02T09:27:50Z,2026-10-02T09:27:52Z,2.0,
36989818729,1,Desktop Package Smoke,package macos-14,step,Run actions/checkout@v7,success,,2026-10-02T09:27:52Z,2026-10-02T09:27:58Z,6.0,
36989818729,1,Desktop Package Smoke,package macos-14,step,Run pnpm/action-setup@v6,success,,2026-10-02T09:27:58Z,2026-10-02T09:28:04Z,6.0,
36989818729,1,Desktop Package Smoke,package macos-14,step,Run actions/setup-node@v7,success,,2026-10-02T09:28:04Z,2026-10-02T09:28:25Z,21.0,
36989818729,1,Desktop Package Smoke,package macos-14,step,Install dependencies,success,,2026-10-02T09:28:25Z,2026-10-02T09:28:50Z,25.0,
36989818729,1,Desktop Package Smoke,package macos-14,step,Verify bundled git (dugite) was fetched,success,,2026-10-02T09:28:50Z,2026-10-02T09:28:51Z,1.0,
36989818729,1,Desktop Package Smoke,package macos-14,step,Verify package inspectors on the native host,success,,2026-10-02T09:28:51Z,2026-10-02T09:28:53Z,2.0,
36989818729,1,Desktop Package Smoke,package macos-14,step,Build Alice + UTA + desktop shell,success,,2026-10-02T09:28:53Z,2026-10-02T09:31:20Z,147.0,
36989818729,1,Desktop Package Smoke,package macos-14,step,Smoke native companion interaction,success,,2026-10-02T09:31:20Z,2026-10-02T09:31:29Z,9.0,
36989818729,1,Desktop Package Smoke,package macos-14,step,Smoke Guardian takeover through Electron,success,,2026-10-02T09:31:29Z,2026-10-02T09:31:42Z,13.0,
36989818729,1,Desktop Package Smoke,package macos-14,step,Smoke existing-owner browser handoff through Electron,success,,2026-10-02T09:31:42Z,2026-10-02T09:31:45Z,3.0,
36989818729,1,Desktop Package Smoke,package macos-14,step,Vendor managed workspace runtime,success,,2026-10-02T09:31:45Z,2026-10-02T09:31:54Z,9.0,
36989818729,1,Desktop Package Smoke,package macos-14,step,Verify managed Pi runtime,success,,2026-10-02T09:31:54Z,2026-10-02T09:31:55Z,1.0,
36989818729,1,Desktop Package Smoke,package macos-14,step,Package unpacked desktop app,success,,2026-10-02T09:31:55Z,2026-10-02T09:32:59Z,64.0,
36989818729,1,Desktop Package Smoke,package macos-14,step,Assert packaged resource layout,success,,2026-10-02T09:32:59Z,2026-10-02T09:33:01Z,2.0,
36989818729,1,Desktop Package Smoke,package macos-14,step,Smoke packaged managed toolchain,success,,2026-10-02T09:33:01Z,2026-10-02T09:33:03Z,2.0,
36989818729,1,Desktop Package Smoke,package macos-14,step,Prove packaged Workspace CLI acceptance,success,,2026-10-02T09:33:03Z,2026-10-02T09:33:26Z,23.0,
36989818729,1,Desktop Package Smoke,package macos-14,step,Prove packaged Workspace CLI acceptance and Windows build wrapper,skipped,,2026-10-02T09:33:26Z,2026-10-02T09:33:26Z,0,
36989818729,1,Desktop Package Smoke,package macos-14,step,Upload Workspace acceptance receipt,success,,2026-10-02T09:33:26Z,2026-10-02T09:33:27Z,1.0,
36989818729,1,Desktop Package Smoke,package macos-14,step,Prove previous desktop release state upgrades to the candidate,success,,2026-10-02T09:33:27Z,2026-10-02T09:34:11Z,44.0,
36989818729,1,Desktop Package Smoke,package macos-14,step,Upload desktop upgrade acceptance receipt,success,,2026-10-02T09:34:11Z,2026-10-02T09:34:13Z,2.0,
36989818729,1,Desktop Package Smoke,package macos-14,step,Post Run actions/setup-node@v7,success,,2026-10-02T09:34:13Z,2026-10-02T09:34:13Z,0,
36989818729,1,Desktop Package Smoke,package macos-14,step,Post Run pnpm/action-setup@v6,success,,2026-10-02T09:34:13Z,2026-10-02T09:34:13Z,0,
36989818729,1,Desktop Package Smoke,package macos-14,step,Post Run actions/checkout@v7,success,,2026-10-02T09:34:13Z,2026-10-02T09:34:14Z,1.0,
36989818729,1,Desktop Package Smoke,package macos-14,step,Complete job,success,,2026-10-02T09:34:14Z,2026-10-02T09:34:16Z,2.0,
36989818729,1,Desktop Package Smoke,package macos-15-intel,job,,failure,2026-10-02T09:27:41Z,2026-10-02T09:27:46Z,2026-10-02T09:35:38Z,472.0,5.0
36989818729,1,Desktop Package Smoke,package macos-15-intel,step,Set up job,success,,2026-10-02T09:27:47Z,2026-10-02T09:27:50Z,3.0,
36989818729,1,Desktop Package Smoke,package macos-15-intel,step,Run actions/checkout@v7,success,,2026-10-02T09:27:50Z,2026-10-02T09:27:57Z,7.0,
36989818729,1,Desktop Package Smoke,package macos-15-intel,step,Run pnpm/action-setup@v6,success,,2026-10-02T09:27:57Z,2026-10-02T09:28:03Z,6.0,
36989818729,1,Desktop Package Smoke,package macos-15-intel,step,Run actions/setup-node@v7,success,,2026-10-02T09:28:03Z,2026-10-02T09:28:05Z,2.0,
36989818729,1,Desktop Package Smoke,package macos-15-intel,step,Install dependencies,success,,2026-10-02T09:28:05Z,2026-10-02T09:29:12Z,67.0,
36989818729,1,Desktop Package Smoke,package macos-15-intel,step,Verify bundled git (dugite) was fetched,success,,2026-10-02T09:29:12Z,2026-10-02T09:29:12Z,0,
36989818729,1,Desktop Package Smoke,package macos-15-intel,step,Verify package inspectors on the native host,success,,2026-10-02T09:29:12Z,2026-10-02T09:29:16Z,4.0,
36989818729,1,Desktop Package Smoke,package macos-15-intel,step,Build Alice + UTA + desktop shell,success,,2026-10-02T09:29:16Z,2026-10-02T09:31:21Z,125.0,
36989818729,1,Desktop Package Smoke,package macos-15-intel,step,Smoke native companion interaction,success,,2026-10-02T09:31:21Z,2026-10-02T09:31:30Z,9.0,
36989818729,1,Desktop Package Smoke,package macos-15-intel,step,Smoke Guardian takeover through Electron,success,,2026-10-02T09:31:30Z,2026-10-02T09:31:42Z,12.0,
36989818729,1,Desktop Package Smoke,package macos-15-intel,step,Smoke existing-owner browser handoff through Electron,success,,2026-10-02T09:31:42Z,2026-10-02T09:31:45Z,3.0,
36989818729,1,Desktop Package Smoke,package macos-15-intel,step,Vendor managed workspace runtime,success,,2026-10-02T09:31:45Z,2026-10-02T09:32:04Z,19.0,
36989818729,1,Desktop Package Smoke,package macos-15-intel,step,Verify managed Pi runtime,success,,2026-10-02T09:32:04Z,2026-10-02T09:32:05Z,1.0,
36989818729,1,Desktop Package Smoke,package macos-15-intel,step,Package unpacked desktop app,success,,2026-10-02T09:32:05Z,2026-10-02T09:33:37Z,92.0,
36989818729,1,Desktop Package Smoke,package macos-15-intel,step,Assert packaged resource layout,success,,2026-10-02T09:33:37Z,2026-10-02T09:33:38Z,1.0,
36989818729,1,Desktop Package Smoke,package macos-15-intel,step,Smoke packaged managed toolchain,success,,2026-10-02T09:33:38Z,2026-10-02T09:33:41Z,3.0,
36989818729,1,Desktop Package Smoke,package macos-15-intel,step,Prove packaged Workspace CLI acceptance,success,,2026-10-02T09:33:41Z,2026-10-02T09:34:05Z,24.0,
36989818729,1,Desktop Package Smoke,package macos-15-intel,step,Prove packaged Workspace CLI acceptance and Windows build wrapper,skipped,,2026-10-02T09:34:05Z,2026-10-02T09:34:05Z,0,
36989818729,1,Desktop Package Smoke,package macos-15-intel,step,Upload Workspace acceptance receipt,success,,2026-10-02T09:34:05Z,2026-10-02T09:34:07Z,2.0,
36989818729,1,Desktop Package Smoke,package macos-15-intel,step,Prove previous desktop release state upgrades to the candidate,failure,,2026-10-02T09:34:07Z,2026-10-02T09:35:33Z,86.0,
36989818729,1,Desktop Package Smoke,package macos-15-intel,step,Upload desktop upgrade acceptance receipt,failure,,2026-10-02T09:35:33Z,2026-10-02T09:35:33Z,0,
36989818729,1,Desktop Package Smoke,package macos-15-intel,step,Post Run actions/setup-node@v7,skipped,,2026-10-02T09:35:33Z,2026-10-02T09:35:33Z,0,
36989818729,1,Desktop Package Smoke,package macos-15-intel,step,Post Run pnpm/action-setup@v6,success,,2026-10-02T09:35:33Z,2026-10-02T09:35:33Z,0,
36989818729,1,Desktop Package Smoke,package macos-15-intel,step,Post Run actions/checkout@v7,success,,2026-10-02T09:35:33Z,2026-10-02T09:35:34Z,1.0,
36989818729,1,Desktop Package Smoke,package macos-15-intel,step,Complete job,success,,2026-10-02T09:35:34Z,2026-10-02T09:35:35Z,1.0,
36989818729,1,Desktop Package Smoke,package windows-latest,job,,success,2026-10-02T09:27:41Z,2026-10-02T09:27:44Z,2026-10-02T09:41:32Z,828.0,3.0
36989818729,1,Desktop Package Smoke,package windows-latest,step,Set up job,success,,2026-10-02T09:27:46Z,2026-10-02T09:27:47Z,1.0,
36989818729,1,Desktop Package Smoke,package windows-latest,step,Run actions/checkout@v7,success,,2026-10-02T09:27:47Z,2026-10-02T09:28:04Z,17.0,
36989818729,1,Desktop Package Smoke,package windows-latest,step,Run pnpm/action-setup@v6,success,,2026-10-02T09:28:04Z,2026-10-02T09:28:27Z,23.0,
36989818729,1,Desktop Package Smoke,package windows-latest,step,Run actions/setup-node@v7,success,,2026-10-02T09:28:27Z,2026-10-02T09:28:34Z,7.0,
36989818729,1,Desktop Package Smoke,package windows-latest,step,Install dependencies,success,,2026-10-02T09:28:34Z,2026-10-02T09:29:08Z,34.0,
36989818729,1,Desktop Package Smoke,package windows-latest,step,Verify bundled git (dugite) was fetched,skipped,,2026-10-02T09:29:08Z,2026-10-02T09:29:08Z,0,
36989818729,1,Desktop Package Smoke,package windows-latest,step,Verify package inspectors on the native host,success,,2026-10-02T09:29:08Z,2026-10-02T09:29:12Z,4.0,
36989818729,1,Desktop Package Smoke,package windows-latest,step,Build Alice + UTA + desktop shell,success,,2026-10-02T09:29:12Z,2026-10-02T09:31:38Z,146.0,
36989818729,1,Desktop Package Smoke,package windows-latest,step,Smoke native companion interaction,success,,2026-10-02T09:31:38Z,2026-10-02T09:31:44Z,6.0,
36989818729,1,Desktop Package Smoke,package windows-latest,step,Smoke Guardian takeover through Electron,success,,2026-10-02T09:31:44Z,2026-10-02T09:32:03Z,19.0,
36989818729,1,Desktop Package Smoke,package windows-latest,step,Smoke existing-owner browser handoff through Electron,success,,2026-10-02T09:32:03Z,2026-10-02T09:32:08Z,5.0,
36989818729,1,Desktop Package Smoke,package windows-latest,step,Vendor managed workspace runtime,success,,2026-10-02T09:32:08Z,2026-10-02T09:32:50Z,42.0,
36989818729,1,Desktop Package Smoke,package windows-latest,step,Verify managed Pi runtime,success,,2026-10-02T09:32:50Z,2026-10-02T09:32:52Z,2.0,
36989818729,1,Desktop Package Smoke,package windows-latest,step,Package unpacked desktop app,success,,2026-10-02T09:32:52Z,2026-10-02T09:36:23Z,211.0,
36989818729,1,Desktop Package Smoke,package windows-latest,step,Assert packaged resource layout,success,,2026-10-02T09:36:23Z,2026-10-02T09:36:24Z,1.0,
36989818729,1,Desktop Package Smoke,package windows-latest,step,Smoke packaged managed toolchain,success,,2026-10-02T09:36:24Z,2026-10-02T09:36:29Z,5.0,
36989818729,1,Desktop Package Smoke,package windows-latest,step,Prove packaged Workspace CLI acceptance,skipped,,2026-10-02T09:36:29Z,2026-10-02T09:36:29Z,0,
36989818729,1,Desktop Package Smoke,package windows-latest,step,Prove packaged Workspace CLI acceptance and Windows build wrapper,success,,2026-10-02T09:36:29Z,2026-10-02T09:37:22Z,53.0,
36989818729,1,Desktop Package Smoke,package windows-latest,step,Upload Workspace acceptance receipt,success,,2026-10-02T09:37:22Z,2026-10-02T09:37:23Z,1.0,
36989818729,1,Desktop Package Smoke,package windows-latest,step,Prove previous desktop release state upgrades to the candidate,success,,2026-10-02T09:37:23Z,2026-10-02T09:41:11Z,228.0,
36989818729,1,Desktop Package Smoke,package windows-latest,step,Upload desktop upgrade acceptance receipt,success,,2026-10-02T09:41:11Z,2026-10-02T09:41:13Z,2.0,
36989818729,1,Desktop Package Smoke,package windows-latest,step,Post Run actions/setup-node@v7,success,,2026-10-02T09:41:13Z,2026-10-02T09:41:28Z,15.0,
36989818729,1,Desktop Package Smoke,package windows-latest,step,Post Run pnpm/action-setup@v6,success,,2026-10-02T09:41:28Z,2026-10-02T09:41:28Z,0,
36989818729,1,Desktop Package Smoke,package windows-latest,step,Post Run actions/checkout@v7,success,,2026-10-02T09:41:28Z,2026-10-02T09:41:31Z,3.0,
36989818729,1,Desktop Package Smoke,package windows-latest,step,Complete job,success,,2026-10-02T09:41:31Z,2026-10-02T09:41:31Z,0,
36989818937,1,CLI Installer Smoke,release-prep scope,job,,success,2026-10-02T09:26:50Z,2026-10-02T09:26:53Z,2026-10-02T09:27:01Z,8.0,3.0
36989818937,1,CLI Installer Smoke,release-prep scope,step,Set up job,success,,2026-10-02T09:26:53Z,2026-10-02T09:26:54Z,1.0,
36989818937,1,CLI Installer Smoke,release-prep scope,step,Run actions/checkout@v7,success,,2026-10-02T09:26:54Z,2026-10-02T09:26:58Z,4.0,
36989818937,1,CLI Installer Smoke,release-prep scope,step,Run actions/setup-node@v7,success,,2026-10-02T09:26:58Z,2026-10-02T09:26:59Z,1.0,
36989818937,1,CLI Installer Smoke,release-prep scope,step,Detect exact beta release preparation,success,,2026-10-02T09:26:59Z,2026-10-02T09:26:59Z,0,
36989818937,1,CLI Installer Smoke,release-prep scope,step,Post Run actions/setup-node@v7,success,,2026-10-02T09:26:59Z,2026-10-02T09:26:59Z,0,
36989818937,1,CLI Installer Smoke,release-prep scope,step,Post Run actions/checkout@v7,success,,2026-10-02T09:26:59Z,2026-10-02T09:26:59Z,0,
36989818937,1,CLI Installer Smoke,release-prep scope,step,Complete job,success,,2026-10-02T09:26:59Z,2026-10-02T09:26:59Z,0,
36989818937,1,CLI Installer Smoke,windows-preview,job,,skipped,2026-10-02T09:26:50Z,2026-10-02T09:26:50Z,2026-10-02T09:26:50Z,0,0
36989818937,1,CLI Installer Smoke,build-dev-broker-packs,job,,skipped,2026-10-02T09:26:50Z,2026-10-02T09:26:50Z,2026-10-02T09:26:50Z,0,0
36989818937,1,CLI Installer Smoke,Build dev platform-neutral inputs,job,,skipped,2026-10-02T09:26:50Z,2026-10-02T09:26:50Z,2026-10-02T09:26:50Z,0,0
36989818937,1,CLI Installer Smoke,build-dev-cli-windows,job,,skipped,2026-10-02T09:26:50Z,2026-10-02T09:26:50Z,2026-10-02T09:26:50Z,0,0
36989818937,1,CLI Installer Smoke,Build dev native CLI (${{ matrix.platform }}-${{ matrix.arch }}),job,,skipped,2026-10-02T09:26:50Z,2026-10-02T09:26:50Z,2026-10-02T09:26:50Z,0,0
36989818937,1,CLI Installer Smoke,Publish immutable dev CLI candidate,job,,skipped,2026-10-02T09:26:50Z,2026-10-02T09:26:50Z,2026-10-02T09:26:50Z,0,0
36989818937,1,CLI Installer Smoke,Activate current dev CLI channel,job,,skipped,2026-10-02T09:26:51Z,2026-10-02T09:26:51Z,2026-10-02T09:26:50Z,0,0
36989818937,1,CLI Installer Smoke,Live raw dev channel install,job,,skipped,2026-10-02T09:26:51Z,2026-10-02T09:26:51Z,2026-10-02T09:26:50Z,0,0
36989818937,1,CLI Installer Smoke,Current checkout managed remote,job,,success,2026-10-02T09:27:01Z,2026-10-02T09:27:04Z,2026-10-02T09:31:26Z,262.0,3.0
36989818937,1,CLI Installer Smoke,Current checkout managed remote,step,Set up job,success,,2026-10-02T09:27:05Z,2026-10-02T09:27:06Z,1.0,
36989818937,1,CLI Installer Smoke,Current checkout managed remote,step,Run actions/checkout@v7,success,,2026-10-02T09:27:06Z,2026-10-02T09:27:09Z,3.0,
36989818937,1,CLI Installer Smoke,Current checkout managed remote,step,Run pnpm/action-setup@v6,success,,2026-10-02T09:27:09Z,2026-10-02T09:27:12Z,3.0,
36989818937,1,CLI Installer Smoke,Current checkout managed remote,step,Run actions/setup-node@v7,success,,2026-10-02T09:27:12Z,2026-10-02T09:27:26Z,14.0,
36989818937,1,CLI Installer Smoke,Current checkout managed remote,step,Run pnpm install --frozen-lockfile,success,,2026-10-02T09:27:26Z,2026-10-02T09:27:33Z,7.0,
36989818937,1,CLI Installer Smoke,Current checkout managed remote,step,Build trusted local UI for Web relay,success,,2026-10-02T09:27:33Z,2026-10-02T09:28:31Z,58.0,
36989818937,1,CLI Installer Smoke,Current checkout managed remote,step,Exercise clean SSH host fixture,success,,2026-10-02T09:28:31Z,2026-10-02T09:31:23Z,172.0,
36989818937,1,CLI Installer Smoke,Current checkout managed remote,step,Post Run actions/setup-node@v7,success,,2026-10-02T09:31:23Z,2026-10-02T09:31:23Z,0,
36989818937,1,CLI Installer Smoke,Current checkout managed remote,step,Post Run pnpm/action-setup@v6,success,,2026-10-02T09:31:23Z,2026-10-02T09:31:23Z,0,
36989818937,1,CLI Installer Smoke,Current checkout managed remote,step,Post Run actions/checkout@v7,success,,2026-10-02T09:31:23Z,2026-10-02T09:31:23Z,0,
36989818937,1,CLI Installer Smoke,Current checkout managed remote,step,Complete job,success,,2026-10-02T09:31:23Z,2026-10-02T09:31:23Z,0,
36989818937,1,CLI Installer Smoke,Current checkout install,job,,success,2026-10-02T09:27:01Z,2026-10-02T09:27:03Z,2026-10-02T09:27:25Z,22.0,2.0
36989818937,1,CLI Installer Smoke,Current checkout install,step,Set up job,success,,2026-10-02T09:27:04Z,2026-10-02T09:27:05Z,1.0,
36989818937,1,CLI Installer Smoke,Current checkout install,step,Run actions/checkout@v7,success,,2026-10-02T09:27:05Z,2026-10-02T09:27:07Z,2.0,
36989818937,1,CLI Installer Smoke,Current checkout install,step,Run actions/setup-node@v7,success,,2026-10-02T09:27:07Z,2026-10-02T09:27:12Z,5.0,
36989818937,1,CLI Installer Smoke,Current checkout install,step,Exercise clean HTTP installer fixture,success,,2026-10-02T09:27:12Z,2026-10-02T09:27:22Z,10.0,
36989818937,1,CLI Installer Smoke,Current checkout install,step,Post Run actions/setup-node@v7,success,,2026-10-02T09:27:22Z,2026-10-02T09:27:22Z,0,
36989818937,1,CLI Installer Smoke,Current checkout install,step,Post Run actions/checkout@v7,success,,2026-10-02T09:27:22Z,2026-10-02T09:27:22Z,0,
36989818937,1,CLI Installer Smoke,Current checkout install,step,Complete job,success,,2026-10-02T09:27:22Z,2026-10-02T09:27:22Z,0,
36989818937,1,CLI Installer Smoke,Bun feasibility (ubuntu-latest),job,,success,2026-10-02T09:27:01Z,2026-10-02T09:27:04Z,2026-10-02T09:31:29Z,265.0,3.0
36989818937,1,CLI Installer Smoke,Bun feasibility (ubuntu-latest),step,Set up job,success,,2026-10-02T09:27:05Z,2026-10-02T09:27:06Z,1.0,
36989818937,1,CLI Installer Smoke,Bun feasibility (ubuntu-latest),step,Run actions/checkout@v7,success,,2026-10-02T09:27:06Z,2026-10-02T09:27:09Z,3.0,
36989818937,1,CLI Installer Smoke,Bun feasibility (ubuntu-latest),step,Run pnpm/action-setup@v6,success,,2026-10-02T09:27:09Z,2026-10-02T09:27:19Z,10.0,
36989818937,1,CLI Installer Smoke,Bun feasibility (ubuntu-latest),step,Run actions/setup-node@v7,success,,2026-10-02T09:27:19Z,2026-10-02T09:27:32Z,13.0,
36989818937,1,CLI Installer Smoke,Bun feasibility (ubuntu-latest),step,Run oven-sh/setup-bun@v2,success,,2026-10-02T09:27:32Z,2026-10-02T09:27:34Z,2.0,
36989818937,1,CLI Installer Smoke,Bun feasibility (ubuntu-latest),step,Run pnpm install --frozen-lockfile --filter='!@traderalice/desktop',success,,2026-10-02T09:27:34Z,2026-10-02T09:27:41Z,7.0,
36989818937,1,CLI Installer Smoke,Bun feasibility (ubuntu-latest),step,Run pnpm build:server,success,,2026-10-02T09:27:41Z,2026-10-02T09:29:20Z,99.0,
36989818937,1,CLI Installer Smoke,Bun feasibility (ubuntu-latest),step,Run pnpm build:bun-cli:feasibility,success,,2026-10-02T09:29:20Z,2026-10-02T09:29:21Z,1.0,
36989818937,1,CLI Installer Smoke,Bun feasibility (ubuntu-latest),step,Run pnpm build:bun-alice:feasibility,success,,2026-10-02T09:29:21Z,2026-10-02T09:29:24Z,3.0,
36989818937,1,CLI Installer Smoke,Bun feasibility (ubuntu-latest),step,Run pnpm build:bun-runtime:feasibility,success,,2026-10-02T09:29:24Z,2026-10-02T09:29:37Z,13.0,
36989818937,1,CLI Installer Smoke,Bun feasibility (ubuntu-latest),step,Run pnpm build:bun:release,success,,2026-10-02T09:29:37Z,2026-10-02T09:30:14Z,37.0,
36989818937,1,CLI Installer Smoke,Bun feasibility (ubuntu-latest),step,Accept npm and Bun installs from the current native candidate,success,,2026-10-02T09:30:14Z,2026-10-02T09:31:25Z,71.0,
36989818937,1,CLI Installer Smoke,Bun feasibility (ubuntu-latest),step,Post Run oven-sh/setup-bun@v2,success,,2026-10-02T09:31:25Z,2026-10-02T09:31:26Z,1.0,
36989818937,1,CLI Installer Smoke,Bun feasibility (ubuntu-latest),step,Post Run actions/setup-node@v7,success,,2026-10-02T09:31:26Z,2026-10-02T09:31:26Z,0,
36989818937,1,CLI Installer Smoke,Bun feasibility (ubuntu-latest),step,Post Run pnpm/action-setup@v6,success,,2026-10-02T09:31:26Z,2026-10-02T09:31:26Z,0,
36989818937,1,CLI Installer Smoke,Bun feasibility (ubuntu-latest),step,Post Run actions/checkout@v7,success,,2026-10-02T09:31:26Z,2026-10-02T09:31:26Z,0,
36989818937,1,CLI Installer Smoke,Bun feasibility (ubuntu-latest),step,Complete job,success,,2026-10-02T09:31:26Z,2026-10-02T09:31:26Z,0,
36989818937,1,CLI Installer Smoke,Bun feasibility (macos-14),job,,success,2026-10-02T09:27:01Z,2026-10-02T09:27:09Z,2026-10-02T09:32:41Z,332.0,8.0
36989818937,1,CLI Installer Smoke,Bun feasibility (macos-14),step,Set up job,success,,2026-10-02T09:27:09Z,2026-10-02T09:27:11Z,2.0,
36989818937,1,CLI Installer Smoke,Bun feasibility (macos-14),step,Run actions/checkout@v7,success,,2026-10-02T09:27:11Z,2026-10-02T09:27:16Z,5.0,
36989818937,1,CLI Installer Smoke,Bun feasibility (macos-14),step,Run pnpm/action-setup@v6,success,,2026-10-02T09:27:16Z,2026-10-02T09:27:21Z,5.0,
36989818937,1,CLI Installer Smoke,Bun feasibility (macos-14),step,Run actions/setup-node@v7,success,,2026-10-02T09:27:21Z,2026-10-02T09:27:44Z,23.0,
36989818937,1,CLI Installer Smoke,Bun feasibility (macos-14),step,Run oven-sh/setup-bun@v2,success,,2026-10-02T09:27:44Z,2026-10-02T09:27:44Z,0,
36989818937,1,CLI Installer Smoke,Bun feasibility (macos-14),step,Run pnpm install --frozen-lockfile --filter='!@traderalice/desktop',success,,2026-10-02T09:27:44Z,2026-10-02T09:28:02Z,18.0,
36989818937,1,CLI Installer Smoke,Bun feasibility (macos-14),step,Run pnpm build:server,success,,2026-10-02T09:28:02Z,2026-10-02T09:30:28Z,146.0,
36989818937,1,CLI Installer Smoke,Bun feasibility (macos-14),step,Run pnpm build:bun-cli:feasibility,success,,2026-10-02T09:30:28Z,2026-10-02T09:30:31Z,3.0,
36989818937,1,CLI Installer Smoke,Bun feasibility (macos-14),step,Run pnpm build:bun-alice:feasibility,success,,2026-10-02T09:30:31Z,2026-10-02T09:30:39Z,8.0,
36989818937,1,CLI Installer Smoke,Bun feasibility (macos-14),step,Run pnpm build:bun-runtime:feasibility,success,,2026-10-02T09:30:39Z,2026-10-02T09:30:53Z,14.0,
36989818937,1,CLI Installer Smoke,Bun feasibility (macos-14),step,Run pnpm build:bun:release,success,,2026-10-02T09:30:53Z,2026-10-02T09:31:29Z,36.0,
36989818937,1,CLI Installer Smoke,Bun feasibility (macos-14),step,Accept npm and Bun installs from the current native candidate,success,,2026-10-02T09:31:29Z,2026-10-02T09:32:35Z,66.0,
36989818937,1,CLI Installer Smoke,Bun feasibility (macos-14),step,Post Run oven-sh/setup-bun@v2,success,,2026-10-02T09:32:35Z,2026-10-02T09:32:35Z,0,
36989818937,1,CLI Installer Smoke,Bun feasibility (macos-14),step,Post Run actions/setup-node@v7,success,,2026-10-02T09:32:35Z,2026-10-02T09:32:35Z,0,
36989818937,1,CLI Installer Smoke,Bun feasibility (macos-14),step,Post Run pnpm/action-setup@v6,success,,2026-10-02T09:32:35Z,2026-10-02T09:32:36Z,1.0,
36989818937,1,CLI Installer Smoke,Bun feasibility (macos-14),step,Post Run actions/checkout@v7,success,,2026-10-02T09:32:36Z,2026-10-02T09:32:37Z,1.0,
36989818937,1,CLI Installer Smoke,Bun feasibility (macos-14),step,Complete job,success,,2026-10-02T09:32:37Z,2026-10-02T09:32:39Z,2.0,
36991611459,1,Desktop Package Smoke,fast preflight,job,,success,2026-10-02T09:45:27Z,2026-10-02T09:45:30Z,2026-10-02T09:46:44Z,74.0,3.0
36991611459,1,Desktop Package Smoke,fast preflight,step,Set up job,success,,2026-10-02T09:45:30Z,2026-10-02T09:45:32Z,2.0,
36991611459,1,Desktop Package Smoke,fast preflight,step,Run actions/checkout@v7,success,,2026-10-02T09:45:32Z,2026-10-02T09:45:36Z,4.0,
36991611459,1,Desktop Package Smoke,fast preflight,step,Run actions/setup-node@v7,success,,2026-10-02T09:45:36Z,2026-10-02T09:45:37Z,1.0,
36991611459,1,Desktop Package Smoke,fast preflight,step,Detect exact beta release preparation,skipped,,2026-10-02T09:45:37Z,2026-10-02T09:45:37Z,0,
36991611459,1,Desktop Package Smoke,fast preflight,step,Run pnpm/action-setup@v6,success,,2026-10-02T09:45:37Z,2026-10-02T09:45:43Z,6.0,
36991611459,1,Desktop Package Smoke,fast preflight,step,Run actions/setup-node@v7,success,,2026-10-02T09:45:43Z,2026-10-02T09:45:44Z,1.0,
36991611459,1,Desktop Package Smoke,fast preflight,step,Install dependencies,success,,2026-10-02T09:45:44Z,2026-10-02T09:46:05Z,21.0,
36991611459,1,Desktop Package Smoke,fast preflight,step,Verify CI workflow contracts,success,,2026-10-02T09:46:05Z,2026-10-02T09:46:18Z,13.0,
36991611459,1,Desktop Package Smoke,fast preflight,step,Typecheck root workspace,success,,2026-10-02T09:46:18Z,2026-10-02T09:46:35Z,17.0,
36991611459,1,Desktop Package Smoke,fast preflight,step,Post Run actions/setup-node@v7,success,,2026-10-02T09:46:35Z,2026-10-02T09:46:42Z,7.0,
36991611459,1,Desktop Package Smoke,fast preflight,step,Post Run pnpm/action-setup@v6,success,,2026-10-02T09:46:42Z,2026-10-02T09:46:42Z,0,
36991611459,1,Desktop Package Smoke,fast preflight,step,Post Run actions/setup-node@v7,success,,2026-10-02T09:46:42Z,2026-10-02T09:46:42Z,0,
36991611459,1,Desktop Package Smoke,fast preflight,step,Post Run actions/checkout@v7,success,,2026-10-02T09:46:42Z,2026-10-02T09:46:42Z,0,
36991611459,1,Desktop Package Smoke,fast preflight,step,Complete job,success,,2026-10-02T09:46:42Z,2026-10-02T09:46:42Z,0,
36991611459,1,Desktop Package Smoke,package macos-15-intel,job,,success,2026-10-02T09:46:44Z,2026-10-02T09:46:49Z,2026-10-02T09:59:34Z,765.0,5.0
36991611459,1,Desktop Package Smoke,package macos-15-intel,step,Set up job,success,,2026-10-02T09:46:51Z,2026-10-02T09:46:56Z,5.0,
36991611459,1,Desktop Package Smoke,package macos-15-intel,step,Run actions/checkout@v7,success,,2026-10-02T09:46:56Z,2026-10-02T09:47:33Z,37.0,
36991611459,1,Desktop Package Smoke,package macos-15-intel,step,Run pnpm/action-setup@v6,success,,2026-10-02T09:47:33Z,2026-10-02T09:47:44Z,11.0,
36991611459,1,Desktop Package Smoke,package macos-15-intel,step,Run actions/setup-node@v7,success,,2026-10-02T09:47:44Z,2026-10-02T09:47:47Z,3.0,
36991611459,1,Desktop Package Smoke,package macos-15-intel,step,Install dependencies,success,,2026-10-02T09:47:47Z,2026-10-02T09:49:26Z,99.0,
36991611459,1,Desktop Package Smoke,package macos-15-intel,step,Verify bundled git (dugite) was fetched,success,,2026-10-02T09:49:26Z,2026-10-02T09:49:26Z,0,
36991611459,1,Desktop Package Smoke,package macos-15-intel,step,Verify package inspectors on the native host,success,,2026-10-02T09:49:26Z,2026-10-02T09:49:31Z,5.0,
36991611459,1,Desktop Package Smoke,package macos-15-intel,step,Build Alice + UTA + desktop shell,success,,2026-10-02T09:49:31Z,2026-10-02T09:52:59Z,208.0,
36991611459,1,Desktop Package Smoke,package macos-15-intel,step,Smoke native companion interaction,success,,2026-10-02T09:52:59Z,2026-10-02T09:53:15Z,16.0,
36991611459,1,Desktop Package Smoke,package macos-15-intel,step,Smoke Guardian takeover through Electron,success,,2026-10-02T09:53:15Z,2026-10-02T09:53:29Z,14.0,
36991611459,1,Desktop Package Smoke,package macos-15-intel,step,Smoke existing-owner browser handoff through Electron,success,,2026-10-02T09:53:29Z,2026-10-02T09:53:32Z,3.0,
36991611459,1,Desktop Package Smoke,package macos-15-intel,step,Vendor managed workspace runtime,success,,2026-10-02T09:53:32Z,2026-10-02T09:53:58Z,26.0,
36991611459,1,Desktop Package Smoke,package macos-15-intel,step,Verify managed Pi runtime,success,,2026-10-02T09:53:58Z,2026-10-02T09:54:00Z,2.0,
36991611459,1,Desktop Package Smoke,package macos-15-intel,step,Package unpacked desktop app,success,,2026-10-02T09:54:00Z,2026-10-02T09:56:00Z,120.0,
36991611459,1,Desktop Package Smoke,package macos-15-intel,step,Assert packaged resource layout,success,,2026-10-02T09:56:00Z,2026-10-02T09:56:02Z,2.0,
36991611459,1,Desktop Package Smoke,package macos-15-intel,step,Smoke packaged managed toolchain,success,,2026-10-02T09:56:02Z,2026-10-02T09:56:06Z,4.0,
36991611459,1,Desktop Package Smoke,package macos-15-intel,step,Prove packaged Workspace CLI acceptance,success,,2026-10-02T09:56:06Z,2026-10-02T09:56:39Z,33.0,
36991611459,1,Desktop Package Smoke,package macos-15-intel,step,Prove packaged Workspace CLI acceptance and Windows build wrapper,skipped,,2026-10-02T09:56:39Z,2026-10-02T09:56:39Z,0,
36991611459,1,Desktop Package Smoke,package macos-15-intel,step,Upload Workspace acceptance receipt,success,,2026-10-02T09:56:39Z,2026-10-02T09:56:41Z,2.0,
36991611459,1,Desktop Package Smoke,package macos-15-intel,step,Prove previous desktop release state upgrades to the candidate,success,,2026-10-02T09:56:41Z,2026-10-02T09:58:45Z,124.0,
36991611459,1,Desktop Package Smoke,package macos-15-intel,step,Upload desktop upgrade acceptance receipt,success,,2026-10-02T09:58:45Z,2026-10-02T09:58:47Z,2.0,
36991611459,1,Desktop Package Smoke,package macos-15-intel,step,Post Run actions/setup-node@v7,success,,2026-10-02T09:58:47Z,2026-10-02T09:59:29Z,42.0,
36991611459,1,Desktop Package Smoke,package macos-15-intel,step,Post Run pnpm/action-setup@v6,success,,2026-10-02T09:59:29Z,2026-10-02T09:59:30Z,1.0,
36991611459,1,Desktop Package Smoke,package macos-15-intel,step,Post Run actions/checkout@v7,success,,2026-10-02T09:59:30Z,2026-10-02T09:59:31Z,1.0,
36991611459,1,Desktop Package Smoke,package macos-15-intel,step,Complete job,success,,2026-10-02T09:59:31Z,2026-10-02T09:59:31Z,0,
36991611459,1,Desktop Package Smoke,broker-packs windows-latest,job,,skipped,2026-10-02T09:46:45Z,2026-10-02T09:46:45Z,2026-10-02T09:46:44Z,0,0
36992065707,1,Dev PR Clean Build,clean-build,job,,success,2026-10-02T09:50:13Z,2026-10-02T09:50:21Z,2026-10-02T09:54:01Z,220.0,8.0
36992065707,1,Dev PR Clean Build,clean-build,step,Set up job,success,,2026-10-02T09:50:22Z,2026-10-02T09:50:23Z,1.0,
36992065707,1,Dev PR Clean Build,clean-build,step,Run actions/checkout@v7,success,,2026-10-02T09:50:23Z,2026-10-02T09:50:26Z,3.0,
36992065707,1,Dev PR Clean Build,clean-build,step,Run pnpm/action-setup@v6,success,,2026-10-02T09:50:26Z,2026-10-02T09:50:31Z,5.0,
36992065707,1,Dev PR Clean Build,clean-build,step,Run actions/setup-node@v7,success,,2026-10-02T09:50:31Z,2026-10-02T09:50:38Z,7.0,
36992065707,1,Dev PR Clean Build,clean-build,step,Run pnpm install --frozen-lockfile,success,,2026-10-02T09:50:38Z,2026-10-02T09:50:50Z,12.0,
36992065707,1,Dev PR Clean Build,clean-build,step,Verify CI workflow contracts,success,,2026-10-02T09:50:50Z,2026-10-02T09:51:03Z,13.0,
36992065707,1,Dev PR Clean Build,clean-build,step,Verify required local product and protocol evidence,success,,2026-10-02T09:51:03Z,2026-10-02T09:51:16Z,13.0,
36992065707,1,Dev PR Clean Build,clean-build,step,Upload required evidence receipt,success,,2026-10-02T09:51:16Z,2026-10-02T09:51:17Z,1.0,
36992065707,1,Dev PR Clean Build,clean-build,step,Build complete workspace,success,,2026-10-02T09:51:17Z,2026-10-02T09:53:02Z,105.0,
36992065707,1,Dev PR Clean Build,clean-build,step,Typecheck registered suites,success,,2026-10-02T09:53:02Z,2026-10-02T09:53:58Z,56.0,
36992065707,1,Dev PR Clean Build,clean-build,step,Post Run actions/setup-node@v7,success,,2026-10-02T09:53:58Z,2026-10-02T09:53:58Z,0,
36992065707,1,Dev PR Clean Build,clean-build,step,Post Run pnpm/action-setup@v6,success,,2026-10-02T09:53:58Z,2026-10-02T09:53:58Z,0,
36992065707,1,Dev PR Clean Build,clean-build,step,Post Run actions/checkout@v7,success,,2026-10-02T09:53:58Z,2026-10-02T09:53:59Z,1.0,
36992065707,1,Dev PR Clean Build,clean-build,step,Complete job,success,,2026-10-02T09:53:59Z,2026-10-02T09:53:59Z,0,
36992082296,1,CLI Installer Smoke,Build dev platform-neutral inputs,job,,success,2026-10-02T09:50:23Z,2026-10-02T09:50:25Z,2026-10-02T09:52:17Z,112.0,2.0
36992082296,1,CLI Installer Smoke,Build dev platform-neutral inputs,step,Set up job,success,,2026-10-02T09:50:26Z,2026-10-02T09:50:27Z,1.0,
36992082296,1,CLI Installer Smoke,Build dev platform-neutral inputs,step,Run actions/checkout@v7,success,,2026-10-02T09:50:27Z,2026-10-02T09:50:31Z,4.0,
36992082296,1,CLI Installer Smoke,Build dev platform-neutral inputs,step,Run pnpm/action-setup@v6,success,,2026-10-02T09:50:31Z,2026-10-02T09:50:35Z,4.0,
36992082296,1,CLI Installer Smoke,Build dev platform-neutral inputs,step,Run actions/setup-node@v7,success,,2026-10-02T09:50:35Z,2026-10-02T09:50:44Z,9.0,
36992082296,1,CLI Installer Smoke,Build dev platform-neutral inputs,step,Run pnpm install --frozen-lockfile --filter='!@traderalice/desktop',success,,2026-10-02T09:50:44Z,2026-10-02T09:50:53Z,9.0,
36992082296,1,CLI Installer Smoke,Build dev platform-neutral inputs,step,Build platform-neutral server inputs,success,,2026-10-02T09:50:53Z,2026-10-02T09:52:12Z,79.0,
36992082296,1,CLI Installer Smoke,Build dev platform-neutral inputs,step,Prepare commit-bound neutral input receipt,success,,2026-10-02T09:52:12Z,2026-10-02T09:52:13Z,1.0,
36992082296,1,CLI Installer Smoke,Build dev platform-neutral inputs,step,Preserve platform-neutral inputs,success,,2026-10-02T09:52:13Z,2026-10-02T09:52:14Z,1.0,
36992082296,1,CLI Installer Smoke,Build dev platform-neutral inputs,step,Post Run actions/setup-node@v7,success,,2026-10-02T09:52:14Z,2026-10-02T09:52:15Z,1.0,
36992082296,1,CLI Installer Smoke,Build dev platform-neutral inputs,step,Post Run pnpm/action-setup@v6,success,,2026-10-02T09:52:15Z,2026-10-02T09:52:15Z,0,
36992082296,1,CLI Installer Smoke,Build dev platform-neutral inputs,step,Post Run actions/checkout@v7,success,,2026-10-02T09:52:15Z,2026-10-02T09:52:15Z,0,
36992082296,1,CLI Installer Smoke,Build dev platform-neutral inputs,step,Complete job,success,,2026-10-02T09:52:15Z,2026-10-02T09:52:15Z,0,
36992082296,1,CLI Installer Smoke,"build-dev-broker-packs (windows-latest, win32, x64)",job,,success,2026-10-02T09:50:23Z,2026-10-02T09:50:25Z,2026-10-02T10:00:23Z,598.0,2.0
36992082296,1,CLI Installer Smoke,"build-dev-broker-packs (windows-latest, win32, x64)",step,Set up job,success,,2026-10-02T09:50:26Z,2026-10-02T09:50:27Z,1.0,
36992082296,1,CLI Installer Smoke,"build-dev-broker-packs (windows-latest, win32, x64)",step,Run actions/checkout@v7,success,,2026-10-02T09:50:27Z,2026-10-02T09:50:34Z,7.0,
36992082296,1,CLI Installer Smoke,"build-dev-broker-packs (windows-latest, win32, x64)",step,Run pnpm/action-setup@v6,success,,2026-10-02T09:50:34Z,2026-10-02T09:50:56Z,22.0,
36992082296,1,CLI Installer Smoke,"build-dev-broker-packs (windows-latest, win32, x64)",step,Run actions/setup-node@v7,success,,2026-10-02T09:50:56Z,2026-10-02T09:51:26Z,30.0,
36992082296,1,CLI Installer Smoke,"build-dev-broker-packs (windows-latest, win32, x64)",step,Run oven-sh/setup-bun@v2,success,,2026-10-02T09:51:26Z,2026-10-02T09:51:28Z,2.0,
36992082296,1,CLI Installer Smoke,"build-dev-broker-packs (windows-latest, win32, x64)",step,Run pnpm install --frozen-lockfile --filter='!@traderalice/desktop',success,,2026-10-02T09:51:28Z,2026-10-02T09:51:46Z,18.0,
36992082296,1,CLI Installer Smoke,"build-dev-broker-packs (windows-latest, win32, x64)",step,Run pnpm broker-packs:build,success,,2026-10-02T09:51:46Z,2026-10-02T09:57:00Z,314.0,
36992082296,1,CLI Installer Smoke,"build-dev-broker-packs (windows-latest, win32, x64)",step,Run pnpm exec tsx scripts/verify-broker-packs.ts --compiled,success,,2026-10-02T09:57:00Z,2026-10-02T10:00:17Z,197.0,
36992082296,1,CLI Installer Smoke,"build-dev-broker-packs (windows-latest, win32, x64)",step,Run actions/upload-artifact@v4,success,,2026-10-02T10:00:17Z,2026-10-02T10:00:19Z,2.0,
36992082296,1,CLI Installer Smoke,"build-dev-broker-packs (windows-latest, win32, x64)",step,Post Run oven-sh/setup-bun@v2,success,,2026-10-02T10:00:19Z,2026-10-02T10:00:19Z,0,
36992082296,1,CLI Installer Smoke,"build-dev-broker-packs (windows-latest, win32, x64)",step,Post Run actions/setup-node@v7,success,,2026-10-02T10:00:19Z,2026-10-02T10:00:19Z,0,
36992082296,1,CLI Installer Smoke,"build-dev-broker-packs (windows-latest, win32, x64)",step,Post Run pnpm/action-setup@v6,success,,2026-10-02T10:00:19Z,2026-10-02T10:00:19Z,0,
36992082296,1,CLI Installer Smoke,"build-dev-broker-packs (windows-latest, win32, x64)",step,Post Run actions/checkout@v7,success,,2026-10-02T10:00:19Z,2026-10-02T10:00:22Z,3.0,
36992082296,1,CLI Installer Smoke,"build-dev-broker-packs (windows-latest, win32, x64)",step,Complete job,success,,2026-10-02T10:00:22Z,2026-10-02T10:00:22Z,0,
36992082296,1,CLI Installer Smoke,"build-dev-broker-packs (macos-15-intel, darwin, x64)",job,,success,2026-10-02T09:50:23Z,2026-10-02T09:50:27Z,2026-10-02T09:57:16Z,409.0,4.0
36992082296,1,CLI Installer Smoke,"build-dev-broker-packs (macos-15-intel, darwin, x64)",step,Set up job,success,,2026-10-02T09:50:29Z,2026-10-02T09:50:34Z,5.0,
36992082296,1,CLI Installer Smoke,"build-dev-broker-packs (macos-15-intel, darwin, x64)",step,Run actions/checkout@v7,success,,2026-10-02T09:50:34Z,2026-10-02T09:50:43Z,9.0,
36992082296,1,CLI Installer Smoke,"build-dev-broker-packs (macos-15-intel, darwin, x64)",step,Run pnpm/action-setup@v6,success,,2026-10-02T09:50:43Z,2026-10-02T09:51:05Z,22.0,
36992082296,1,CLI Installer Smoke,"build-dev-broker-packs (macos-15-intel, darwin, x64)",step,Run actions/setup-node@v7,success,,2026-10-02T09:51:05Z,2026-10-02T09:52:16Z,71.0,
36992082296,1,CLI Installer Smoke,"build-dev-broker-packs (macos-15-intel, darwin, x64)",step,Run oven-sh/setup-bun@v2,success,,2026-10-02T09:52:16Z,2026-10-02T09:52:18Z,2.0,
36992082296,1,CLI Installer Smoke,"build-dev-broker-packs (macos-15-intel, darwin, x64)",step,Run pnpm install --frozen-lockfile --filter='!@traderalice/desktop',success,,2026-10-02T09:52:18Z,2026-10-02T09:53:02Z,44.0,
36992082296,1,CLI Installer Smoke,"build-dev-broker-packs (macos-15-intel, darwin, x64)",step,Run pnpm broker-packs:build,success,,2026-10-02T09:53:02Z,2026-10-02T09:56:10Z,188.0,
36992082296,1,CLI Installer Smoke,"build-dev-broker-packs (macos-15-intel, darwin, x64)",step,Run pnpm exec tsx scripts/verify-broker-packs.ts --compiled,success,,2026-10-02T09:56:10Z,2026-10-02T09:57:09Z,59.0,
36992082296,1,CLI Installer Smoke,"build-dev-broker-packs (macos-15-intel, darwin, x64)",step,Run actions/upload-artifact@v4,success,,2026-10-02T09:57:09Z,2026-10-02T09:57:11Z,2.0,
36992082296,1,CLI Installer Smoke,"build-dev-broker-packs (macos-15-intel, darwin, x64)",step,Post Run oven-sh/setup-bun@v2,success,,2026-10-02T09:57:11Z,2026-10-02T09:57:11Z,0,
36992082296,1,CLI Installer Smoke,"build-dev-broker-packs (macos-15-intel, darwin, x64)",step,Post Run actions/setup-node@v7,success,,2026-10-02T09:57:11Z,2026-10-02T09:57:12Z,1.0,
36992082296,1,CLI Installer Smoke,"build-dev-broker-packs (macos-15-intel, darwin, x64)",step,Post Run pnpm/action-setup@v6,success,,2026-10-02T09:57:12Z,2026-10-02T09:57:12Z,0,
36992082296,1,CLI Installer Smoke,"build-dev-broker-packs (macos-15-intel, darwin, x64)",step,Post Run actions/checkout@v7,success,,2026-10-02T09:57:12Z,2026-10-02T09:57:13Z,1.0,
36992082296,1,CLI Installer Smoke,"build-dev-broker-packs (macos-15-intel, darwin, x64)",step,Complete job,success,,2026-10-02T09:57:13Z,2026-10-02T09:57:14Z,1.0,
36992082296,1,CLI Installer Smoke,"build-dev-broker-packs (macos-14, darwin, arm64)",job,,success,2026-10-02T09:50:23Z,2026-10-02T09:50:32Z,2026-10-02T09:52:58Z,146.0,9.0
36992082296,1,CLI Installer Smoke,"build-dev-broker-packs (macos-14, darwin, arm64)",step,Set up job,success,,2026-10-02T09:50:33Z,2026-10-02T09:50:36Z,3.0,
36992082296,1,CLI Installer Smoke,"build-dev-broker-packs (macos-14, darwin, arm64)",step,Run actions/checkout@v7,success,,2026-10-02T09:50:36Z,2026-10-02T09:50:40Z,4.0,
36992082296,1,CLI Installer Smoke,"build-dev-broker-packs (macos-14, darwin, arm64)",step,Run pnpm/action-setup@v6,success,,2026-10-02T09:50:40Z,2026-10-02T09:50:46Z,6.0,
36992082296,1,CLI Installer Smoke,"build-dev-broker-packs (macos-14, darwin, arm64)",step,Run actions/setup-node@v7,success,,2026-10-02T09:50:46Z,2026-10-02T09:51:11Z,25.0,
36992082296,1,CLI Installer Smoke,"build-dev-broker-packs (macos-14, darwin, arm64)",step,Run oven-sh/setup-bun@v2,success,,2026-10-02T09:51:11Z,2026-10-02T09:51:13Z,2.0,
36992082296,1,CLI Installer Smoke,"build-dev-broker-packs (macos-14, darwin, arm64)",step,Run pnpm install --frozen-lockfile --filter='!@traderalice/desktop',success,,2026-10-02T09:51:13Z,2026-10-02T09:51:29Z,16.0,
36992082296,1,CLI Installer Smoke,"build-dev-broker-packs (macos-14, darwin, arm64)",step,Run pnpm broker-packs:build,success,,2026-10-02T09:51:29Z,2026-10-02T09:52:34Z,65.0,
36992082296,1,CLI Installer Smoke,"build-dev-broker-packs (macos-14, darwin, arm64)",step,Run pnpm exec tsx scripts/verify-broker-packs.ts --compiled,success,,2026-10-02T09:52:34Z,2026-10-02T09:52:51Z,17.0,
36992082296,1,CLI Installer Smoke,"build-dev-broker-packs (macos-14, darwin, arm64)",step,Run actions/upload-artifact@v4,success,,2026-10-02T09:52:51Z,2026-10-02T09:52:54Z,3.0,
36992082296,1,CLI Installer Smoke,"build-dev-broker-packs (macos-14, darwin, arm64)",step,Post Run oven-sh/setup-bun@v2,success,,2026-10-02T09:52:54Z,2026-10-02T09:52:54Z,0,
36992082296,1,CLI Installer Smoke,"build-dev-broker-packs (macos-14, darwin, arm64)",step,Post Run actions/setup-node@v7,success,,2026-10-02T09:52:54Z,2026-10-02T09:52:54Z,0,
36992082296,1,CLI Installer Smoke,"build-dev-broker-packs (macos-14, darwin, arm64)",step,Post Run pnpm/action-setup@v6,success,,2026-10-02T09:52:54Z,2026-10-02T09:52:54Z,0,
36992082296,1,CLI Installer Smoke,"build-dev-broker-packs (macos-14, darwin, arm64)",step,Post Run actions/checkout@v7,success,,2026-10-02T09:52:54Z,2026-10-02T09:52:55Z,1.0,
36992082296,1,CLI Installer Smoke,"build-dev-broker-packs (macos-14, darwin, arm64)",step,Complete job,success,,2026-10-02T09:52:55Z,2026-10-02T09:52:56Z,1.0,
36992082296,1,CLI Installer Smoke,"build-dev-broker-packs (windows-11-arm, win32, arm64)",job,,success,2026-10-02T09:50:23Z,2026-10-02T09:50:27Z,2026-10-02T10:00:45Z,618.0,4.0
36992082296,1,CLI Installer Smoke,"build-dev-broker-packs (windows-11-arm, win32, arm64)",step,Set up job,success,,2026-10-02T09:50:28Z,2026-10-02T09:50:31Z,3.0,
36992082296,1,CLI Installer Smoke,"build-dev-broker-packs (windows-11-arm, win32, arm64)",step,Run actions/checkout@v7,success,,2026-10-02T09:50:31Z,2026-10-02T09:50:44Z,13.0,
36992082296,1,CLI Installer Smoke,"build-dev-broker-packs (windows-11-arm, win32, arm64)",step,Run pnpm/action-setup@v6,success,,2026-10-02T09:50:44Z,2026-10-02T09:51:04Z,20.0,
36992082296,1,CLI Installer Smoke,"build-dev-broker-packs (windows-11-arm, win32, arm64)",step,Run actions/setup-node@v7,success,,2026-10-02T09:51:04Z,2026-10-02T09:52:30Z,86.0,
36992082296,1,CLI Installer Smoke,"build-dev-broker-packs (windows-11-arm, win32, arm64)",step,Run oven-sh/setup-bun@v2,success,,2026-10-02T09:52:30Z,2026-10-02T09:52:34Z,4.0,
36992082296,1,CLI Installer Smoke,"build-dev-broker-packs (windows-11-arm, win32, arm64)",step,Run pnpm install --frozen-lockfile --filter='!@traderalice/desktop',success,,2026-10-02T09:52:34Z,2026-10-02T09:54:12Z,98.0,
36992082296,1,CLI Installer Smoke,"build-dev-broker-packs (windows-11-arm, win32, arm64)",step,Run pnpm broker-packs:build,success,,2026-10-02T09:54:12Z,2026-10-02T09:58:06Z,234.0,
36992082296,1,CLI Installer Smoke,"build-dev-broker-packs (windows-11-arm, win32, arm64)",step,Run pnpm exec tsx scripts/verify-broker-packs.ts --compiled,success,,2026-10-02T09:58:06Z,2026-10-02T10:00:36Z,150.0,
36992082296,1,CLI Installer Smoke,"build-dev-broker-packs (windows-11-arm, win32, arm64)",step,Run actions/upload-artifact@v4,success,,2026-10-02T10:00:36Z,2026-10-02T10:00:38Z,2.0,
36992082296,1,CLI Installer Smoke,"build-dev-broker-packs (windows-11-arm, win32, arm64)",step,Post Run oven-sh/setup-bun@v2,success,,2026-10-02T10:00:38Z,2026-10-02T10:00:38Z,0,
36992082296,1,CLI Installer Smoke,"build-dev-broker-packs (windows-11-arm, win32, arm64)",step,Post Run actions/setup-node@v7,success,,2026-10-02T10:00:38Z,2026-10-02T10:00:38Z,0,
36992082296,1,CLI Installer Smoke,"build-dev-broker-packs (windows-11-arm, win32, arm64)",step,Post Run pnpm/action-setup@v6,success,,2026-10-02T10:00:38Z,2026-10-02T10:00:39Z,1.0,
36992082296,1,CLI Installer Smoke,"build-dev-broker-packs (windows-11-arm, win32, arm64)",step,Post Run actions/checkout@v7,success,,2026-10-02T10:00:39Z,2026-10-02T10:00:43Z,4.0,
36992082296,1,CLI Installer Smoke,"build-dev-broker-packs (windows-11-arm, win32, arm64)",step,Complete job,success,,2026-10-02T10:00:43Z,2026-10-02T10:00:43Z,0,
36992082296,1,CLI Installer Smoke,"build-dev-broker-packs (ubuntu-24.04-arm, linux, arm64)",job,,success,2026-10-02T09:50:23Z,2026-10-02T09:50:29Z,2026-10-02T09:52:04Z,95.0,6.0
36992082296,1,CLI Installer Smoke,"build-dev-broker-packs (ubuntu-24.04-arm, linux, arm64)",step,Set up job,success,,2026-10-02T09:50:30Z,2026-10-02T09:50:31Z,1.0,
36992082296,1,CLI Installer Smoke,"build-dev-broker-packs (ubuntu-24.04-arm, linux, arm64)",step,Run actions/checkout@v7,success,,2026-10-02T09:50:31Z,2026-10-02T09:50:34Z,3.0,
36992082296,1,CLI Installer Smoke,"build-dev-broker-packs (ubuntu-24.04-arm, linux, arm64)",step,Run pnpm/action-setup@v6,success,,2026-10-02T09:50:34Z,2026-10-02T09:50:38Z,4.0,
36992082296,1,CLI Installer Smoke,"build-dev-broker-packs (ubuntu-24.04-arm, linux, arm64)",step,Run actions/setup-node@v7,success,,2026-10-02T09:50:38Z,2026-10-02T09:50:47Z,9.0,
36992082296,1,CLI Installer Smoke,"build-dev-broker-packs (ubuntu-24.04-arm, linux, arm64)",step,Run oven-sh/setup-bun@v2,success,,2026-10-02T09:50:47Z,2026-10-02T09:50:48Z,1.0,
36992082296,1,CLI Installer Smoke,"build-dev-broker-packs (ubuntu-24.04-arm, linux, arm64)",step,Run pnpm install --frozen-lockfile --filter='!@traderalice/desktop',success,,2026-10-02T09:50:48Z,2026-10-02T09:50:56Z,8.0,
36992082296,1,CLI Installer Smoke,"build-dev-broker-packs (ubuntu-24.04-arm, linux, arm64)",step,Run pnpm broker-packs:build,success,,2026-10-02T09:50:56Z,2026-10-02T09:51:44Z,48.0,
36992082296,1,CLI Installer Smoke,"build-dev-broker-packs (ubuntu-24.04-arm, linux, arm64)",step,Run pnpm exec tsx scripts/verify-broker-packs.ts --compiled,success,,2026-10-02T09:51:44Z,2026-10-02T09:51:58Z,14.0,
36992082296,1,CLI Installer Smoke,"build-dev-broker-packs (ubuntu-24.04-arm, linux, arm64)",step,Run actions/upload-artifact@v4,success,,2026-10-02T09:51:58Z,2026-10-02T09:52:00Z,2.0,
36992082296,1,CLI Installer Smoke,"build-dev-broker-packs (ubuntu-24.04-arm, linux, arm64)",step,Post Run oven-sh/setup-bun@v2,success,,2026-10-02T09:52:00Z,2026-10-02T09:52:00Z,0,
36992082296,1,CLI Installer Smoke,"build-dev-broker-packs (ubuntu-24.04-arm, linux, arm64)",step,Post Run actions/setup-node@v7,success,,2026-10-02T09:52:00Z,2026-10-02T09:52:00Z,0,
36992082296,1,CLI Installer Smoke,"build-dev-broker-packs (ubuntu-24.04-arm, linux, arm64)",step,Post Run pnpm/action-setup@v6,success,,2026-10-02T09:52:00Z,2026-10-02T09:52:00Z,0,
36992082296,1,CLI Installer Smoke,"build-dev-broker-packs (ubuntu-24.04-arm, linux, arm64)",step,Post Run actions/checkout@v7,success,,2026-10-02T09:52:00Z,2026-10-02T09:52:01Z,1.0,
36992082296,1,CLI Installer Smoke,"build-dev-broker-packs (ubuntu-24.04-arm, linux, arm64)",step,Complete job,success,,2026-10-02T09:52:01Z,2026-10-02T09:52:01Z,0,
36992082296,1,CLI Installer Smoke,"build-dev-broker-packs (ubuntu-24.04, linux, x64)",job,,success,2026-10-02T09:50:23Z,2026-10-02T09:50:27Z,2026-10-02T09:52:19Z,112.0,4.0
36992082296,1,CLI Installer Smoke,"build-dev-broker-packs (ubuntu-24.04, linux, x64)",step,Set up job,success,,2026-10-02T09:50:27Z,2026-10-02T09:50:28Z,1.0,
36992082296,1,CLI Installer Smoke,"build-dev-broker-packs (ubuntu-24.04, linux, x64)",step,Run actions/checkout@v7,success,,2026-10-02T09:50:28Z,2026-10-02T09:50:30Z,2.0,
36992082296,1,CLI Installer Smoke,"build-dev-broker-packs (ubuntu-24.04, linux, x64)",step,Run pnpm/action-setup@v6,success,,2026-10-02T09:50:30Z,2026-10-02T09:50:37Z,7.0,
36992082296,1,CLI Installer Smoke,"build-dev-broker-packs (ubuntu-24.04, linux, x64)",step,Run actions/setup-node@v7,success,,2026-10-02T09:50:37Z,2026-10-02T09:50:47Z,10.0,
36992082296,1,CLI Installer Smoke,"build-dev-broker-packs (ubuntu-24.04, linux, x64)",step,Run oven-sh/setup-bun@v2,success,,2026-10-02T09:50:47Z,2026-10-02T09:50:48Z,1.0,
36992082296,1,CLI Installer Smoke,"build-dev-broker-packs (ubuntu-24.04, linux, x64)",step,Run pnpm install --frozen-lockfile --filter='!@traderalice/desktop',success,,2026-10-02T09:50:48Z,2026-10-02T09:50:56Z,8.0,
36992082296,1,CLI Installer Smoke,"build-dev-broker-packs (ubuntu-24.04, linux, x64)",step,Run pnpm broker-packs:build,success,,2026-10-02T09:50:56Z,2026-10-02T09:51:56Z,60.0,
36992082296,1,CLI Installer Smoke,"build-dev-broker-packs (ubuntu-24.04, linux, x64)",step,Run pnpm exec tsx scripts/verify-broker-packs.ts --compiled,success,,2026-10-02T09:51:56Z,2026-10-02T09:52:16Z,20.0,
36992082296,1,CLI Installer Smoke,"build-dev-broker-packs (ubuntu-24.04, linux, x64)",step,Run actions/upload-artifact@v4,success,,2026-10-02T09:52:16Z,2026-10-02T09:52:17Z,1.0,
36992082296,1,CLI Installer Smoke,"build-dev-broker-packs (ubuntu-24.04, linux, x64)",step,Post Run oven-sh/setup-bun@v2,success,,2026-10-02T09:52:17Z,2026-10-02T09:52:17Z,0,
36992082296,1,CLI Installer Smoke,"build-dev-broker-packs (ubuntu-24.04, linux, x64)",step,Post Run actions/setup-node@v7,success,,2026-10-02T09:52:17Z,2026-10-02T09:52:18Z,1.0,
36992082296,1,CLI Installer Smoke,"build-dev-broker-packs (ubuntu-24.04, linux, x64)",step,Post Run pnpm/action-setup@v6,success,,2026-10-02T09:52:18Z,2026-10-02T09:52:18Z,0,
36992082296,1,CLI Installer Smoke,"build-dev-broker-packs (ubuntu-24.04, linux, x64)",step,Post Run actions/checkout@v7,success,,2026-10-02T09:52:18Z,2026-10-02T09:52:18Z,0,
36992082296,1,CLI Installer Smoke,"build-dev-broker-packs (ubuntu-24.04, linux, x64)",step,Complete job,success,,2026-10-02T09:52:18Z,2026-10-02T09:52:18Z,0,
36992082296,1,CLI Installer Smoke,windows-preview,job,,skipped,2026-10-02T09:50:23Z,2026-10-02T09:50:23Z,2026-10-02T09:50:22Z,0,0
36992082296,1,CLI Installer Smoke,release-prep scope,job,,skipped,2026-10-02T09:50:23Z,2026-10-02T09:50:23Z,2026-10-02T09:50:22Z,0,0
36992082296,1,CLI Installer Smoke,Current checkout install,job,,skipped,2026-10-02T09:50:23Z,2026-10-02T09:50:23Z,2026-10-02T09:50:22Z,0,0
36992082296,1,CLI Installer Smoke,Current checkout managed remote,job,,skipped,2026-10-02T09:50:23Z,2026-10-02T09:50:23Z,2026-10-02T09:50:22Z,0,0
36992082296,1,CLI Installer Smoke,Bun feasibility (${{ matrix.os }}),job,,skipped,2026-10-02T09:50:23Z,2026-10-02T09:50:23Z,2026-10-02T09:50:22Z,0,0
36992082296,1,CLI Installer Smoke,Build dev native CLI (linux-arm64),job,,success,2026-10-02T10:00:45Z,2026-10-02T10:00:53Z,2026-10-02T10:02:09Z,76.0,8.0
36992082296,1,CLI Installer Smoke,Build dev native CLI (linux-arm64),step,Set up job,success,,2026-10-02T10:00:54Z,2026-10-02T10:00:57Z,3.0,
36992082296,1,CLI Installer Smoke,Build dev native CLI (linux-arm64),step,Run actions/checkout@v7,success,,2026-10-02T10:00:57Z,2026-10-02T10:01:00Z,3.0,
36992082296,1,CLI Installer Smoke,Build dev native CLI (linux-arm64),step,Run pnpm/action-setup@v6,success,,2026-10-02T10:01:00Z,2026-10-02T10:01:07Z,7.0,
36992082296,1,CLI Installer Smoke,Build dev native CLI (linux-arm64),step,Run actions/setup-node@v7,success,,2026-10-02T10:01:07Z,2026-10-02T10:01:17Z,10.0,
36992082296,1,CLI Installer Smoke,Build dev native CLI (linux-arm64),step,Run oven-sh/setup-bun@v2,success,,2026-10-02T10:01:17Z,2026-10-02T10:01:19Z,2.0,
36992082296,1,CLI Installer Smoke,Build dev native CLI (linux-arm64),step,Run pnpm install --frozen-lockfile --filter='!@traderalice/desktop',success,,2026-10-02T10:01:19Z,2026-10-02T10:01:26Z,7.0,
36992082296,1,CLI Installer Smoke,Build dev native CLI (linux-arm64),step,Download platform-neutral inputs,success,,2026-10-02T10:01:26Z,2026-10-02T10:01:27Z,1.0,
36992082296,1,CLI Installer Smoke,Build dev native CLI (linux-arm64),step,Verify and install commit-bound neutral inputs,success,,2026-10-02T10:01:27Z,2026-10-02T10:01:27Z,0,
36992082296,1,CLI Installer Smoke,Build dev native CLI (linux-arm64),step,Accept multiprocess recovery once per dev commit,skipped,,2026-10-02T10:01:27Z,2026-10-02T10:01:27Z,0,
36992082296,1,CLI Installer Smoke,Build dev native CLI (linux-arm64),step,Run actions/download-artifact@v4,success,,2026-10-02T10:01:27Z,2026-10-02T10:01:30Z,3.0,
36992082296,1,CLI Installer Smoke,Build dev native CLI (linux-arm64),step,Build native CLI,success,,2026-10-02T10:01:30Z,2026-10-02T10:02:04Z,34.0,
36992082296,1,CLI Installer Smoke,Build dev native CLI (linux-arm64),step,Name the native acceptance report,success,,2026-10-02T10:02:04Z,2026-10-02T10:02:04Z,0,
36992082296,1,CLI Installer Smoke,Build dev native CLI (linux-arm64),step,Preserve accepted dev candidate,success,,2026-10-02T10:02:04Z,2026-10-02T10:02:06Z,2.0,
36992082296,1,CLI Installer Smoke,Build dev native CLI (linux-arm64),step,Post Run oven-sh/setup-bun@v2,success,,2026-10-02T10:02:06Z,2026-10-02T10:02:06Z,0,
36992082296,1,CLI Installer Smoke,Build dev native CLI (linux-arm64),step,Post Run actions/setup-node@v7,success,,2026-10-02T10:02:06Z,2026-10-02T10:02:06Z,0,
36992082296,1,CLI Installer Smoke,Build dev native CLI (linux-arm64),step,Post Run pnpm/action-setup@v6,success,,2026-10-02T10:02:06Z,2026-10-02T10:02:06Z,0,
36992082296,1,CLI Installer Smoke,Build dev native CLI (linux-arm64),step,Post Run actions/checkout@v7,success,,2026-10-02T10:02:06Z,2026-10-02T10:02:06Z,0,
36992082296,1,CLI Installer Smoke,Build dev native CLI (linux-arm64),step,Complete job,success,,2026-10-02T10:02:06Z,2026-10-02T10:02:06Z,0,
36992082296,1,CLI Installer Smoke,Build dev native CLI (linux-x64),job,,success,2026-10-02T10:00:45Z,2026-10-02T10:00:48Z,2026-10-02T10:02:36Z,108.0,3.0
36992082296,1,CLI Installer Smoke,Build dev native CLI (linux-x64),step,Set up job,success,,2026-10-02T10:00:49Z,2026-10-02T10:00:52Z,3.0,
36992082296,1,CLI Installer Smoke,Build dev native CLI (linux-x64),step,Run actions/checkout@v7,success,,2026-10-02T10:00:52Z,2026-10-02T10:00:55Z,3.0,
36992082296,1,CLI Installer Smoke,Build dev native CLI (linux-x64),step,Run pnpm/action-setup@v6,success,,2026-10-02T10:00:55Z,2026-10-02T10:01:02Z,7.0,
36992082296,1,CLI Installer Smoke,Build dev native CLI (linux-x64),step,Run actions/setup-node@v7,success,,2026-10-02T10:01:02Z,2026-10-02T10:01:18Z,16.0,
36992082296,1,CLI Installer Smoke,Build dev native CLI (linux-x64),step,Run oven-sh/setup-bun@v2,success,,2026-10-02T10:01:18Z,2026-10-02T10:01:20Z,2.0,
36992082296,1,CLI Installer Smoke,Build dev native CLI (linux-x64),step,Run pnpm install --frozen-lockfile --filter='!@traderalice/desktop',success,,2026-10-02T10:01:20Z,2026-10-02T10:01:28Z,8.0,
36992082296,1,CLI Installer Smoke,Build dev native CLI (linux-x64),step,Download platform-neutral inputs,success,,2026-10-02T10:01:28Z,2026-10-02T10:01:30Z,2.0,
36992082296,1,CLI Installer Smoke,Build dev native CLI (linux-x64),step,Verify and install commit-bound neutral inputs,success,,2026-10-02T10:01:30Z,2026-10-02T10:01:30Z,0,
36992082296,1,CLI Installer Smoke,Build dev native CLI (linux-x64),step,Accept multiprocess recovery once per dev commit,success,,2026-10-02T10:01:30Z,2026-10-02T10:01:42Z,12.0,
36992082296,1,CLI Installer Smoke,Build dev native CLI (linux-x64),step,Run actions/download-artifact@v4,success,,2026-10-02T10:01:42Z,2026-10-02T10:01:56Z,14.0,
36992082296,1,CLI Installer Smoke,Build dev native CLI (linux-x64),step,Build native CLI,success,,2026-10-02T10:01:56Z,2026-10-02T10:02:30Z,34.0,
36992082296,1,CLI Installer Smoke,Build dev native CLI (linux-x64),step,Name the native acceptance report,success,,2026-10-02T10:02:30Z,2026-10-02T10:02:30Z,0,
36992082296,1,CLI Installer Smoke,Build dev native CLI (linux-x64),step,Preserve accepted dev candidate,success,,2026-10-02T10:02:30Z,2026-10-02T10:02:32Z,2.0,
36992082296,1,CLI Installer Smoke,Build dev native CLI (linux-x64),step,Post Run oven-sh/setup-bun@v2,success,,2026-10-02T10:02:32Z,2026-10-02T10:02:32Z,0,
36992082296,1,CLI Installer Smoke,Build dev native CLI (linux-x64),step,Post Run actions/setup-node@v7,success,,2026-10-02T10:02:32Z,2026-10-02T10:02:33Z,1.0,
36992082296,1,CLI Installer Smoke,Build dev native CLI (linux-x64),step,Post Run pnpm/action-setup@v6,success,,2026-10-02T10:02:33Z,2026-10-02T10:02:33Z,0,
36992082296,1,CLI Installer Smoke,Build dev native CLI (linux-x64),step,Post Run actions/checkout@v7,success,,2026-10-02T10:02:33Z,2026-10-02T10:02:33Z,0,
36992082296,1,CLI Installer Smoke,Build dev native CLI (linux-x64),step,Complete job,success,,2026-10-02T10:02:33Z,2026-10-02T10:02:33Z,0,
36992082296,1,CLI Installer Smoke,Build dev native CLI (darwin-arm64),job,,success,2026-10-02T10:00:45Z,2026-10-02T10:00:53Z,2026-10-02T10:02:13Z,80.0,8.0
36992082296,1,CLI Installer Smoke,Build dev native CLI (darwin-arm64),step,Set up job,success,,2026-10-02T10:00:53Z,2026-10-02T10:00:56Z,3.0,
36992082296,1,CLI Installer Smoke,Build dev native CLI (darwin-arm64),step,Run actions/checkout@v7,success,,2026-10-02T10:00:56Z,2026-10-02T10:01:00Z,4.0,
36992082296,1,CLI Installer Smoke,Build dev native CLI (darwin-arm64),step,Run pnpm/action-setup@v6,success,,2026-10-02T10:01:00Z,2026-10-02T10:01:04Z,4.0,
36992082296,1,CLI Installer Smoke,Build dev native CLI (darwin-arm64),step,Run actions/setup-node@v7,success,,2026-10-02T10:01:04Z,2026-10-02T10:01:20Z,16.0,
36992082296,1,CLI Installer Smoke,Build dev native CLI (darwin-arm64),step,Run oven-sh/setup-bun@v2,success,,2026-10-02T10:01:20Z,2026-10-02T10:01:21Z,1.0,
36992082296,1,CLI Installer Smoke,Build dev native CLI (darwin-arm64),step,Run pnpm install --frozen-lockfile --filter='!@traderalice/desktop',success,,2026-10-02T10:01:21Z,2026-10-02T10:01:32Z,11.0,
36992082296,1,CLI Installer Smoke,Build dev native CLI (darwin-arm64),step,Download platform-neutral inputs,success,,2026-10-02T10:01:32Z,2026-10-02T10:01:33Z,1.0,
36992082296,1,CLI Installer Smoke,Build dev native CLI (darwin-arm64),step,Verify and install commit-bound neutral inputs,success,,2026-10-02T10:01:33Z,2026-10-02T10:01:33Z,0,
36992082296,1,CLI Installer Smoke,Build dev native CLI (darwin-arm64),step,Accept multiprocess recovery once per dev commit,skipped,,2026-10-02T10:01:33Z,2026-10-02T10:01:33Z,0,
36992082296,1,CLI Installer Smoke,Build dev native CLI (darwin-arm64),step,Run actions/download-artifact@v4,success,,2026-10-02T10:01:33Z,2026-10-02T10:01:35Z,2.0,
36992082296,1,CLI Installer Smoke,Build dev native CLI (darwin-arm64),step,Build native CLI,success,,2026-10-02T10:01:35Z,2026-10-02T10:02:07Z,32.0,
36992082296,1,CLI Installer Smoke,Build dev native CLI (darwin-arm64),step,Name the native acceptance report,success,,2026-10-02T10:02:07Z,2026-10-02T10:02:07Z,0,
36992082296,1,CLI Installer Smoke,Build dev native CLI (darwin-arm64),step,Preserve accepted dev candidate,success,,2026-10-02T10:02:07Z,2026-10-02T10:02:09Z,2.0,
36992082296,1,CLI Installer Smoke,Build dev native CLI (darwin-arm64),step,Post Run oven-sh/setup-bun@v2,success,,2026-10-02T10:02:09Z,2026-10-02T10:02:09Z,0,
36992082296,1,CLI Installer Smoke,Build dev native CLI (darwin-arm64),step,Post Run actions/setup-node@v7,success,,2026-10-02T10:02:09Z,2026-10-02T10:02:09Z,0,
36992082296,1,CLI Installer Smoke,Build dev native CLI (darwin-arm64),step,Post Run pnpm/action-setup@v6,success,,2026-10-02T10:02:09Z,2026-10-02T10:02:09Z,0,
36992082296,1,CLI Installer Smoke,Build dev native CLI (darwin-arm64),step,Post Run actions/checkout@v7,success,,2026-10-02T10:02:09Z,2026-10-02T10:02:10Z,1.0,
36992082296,1,CLI Installer Smoke,Build dev native CLI (darwin-arm64),step,Complete job,success,,2026-10-02T10:02:10Z,2026-10-02T10:02:10Z,0,
36992082296,1,CLI Installer Smoke,Build dev native CLI (darwin-x64),job,,success,2026-10-02T10:00:45Z,2026-10-02T10:00:49Z,2026-10-02T10:03:39Z,170.0,4.0
36992082296,1,CLI Installer Smoke,Build dev native CLI (darwin-x64),step,Set up job,success,,2026-10-02T10:00:44Z,2026-10-02T10:00:48Z,4.0,
36992082296,1,CLI Installer Smoke,Build dev native CLI (darwin-x64),step,Run actions/checkout@v7,success,,2026-10-02T10:00:48Z,2026-10-02T10:00:54Z,6.0,
36992082296,1,CLI Installer Smoke,Build dev native CLI (darwin-x64),step,Run pnpm/action-setup@v6,success,,2026-10-02T10:00:54Z,2026-10-02T10:01:05Z,11.0,
36992082296,1,CLI Installer Smoke,Build dev native CLI (darwin-x64),step,Run actions/setup-node@v7,success,,2026-10-02T10:01:05Z,2026-10-02T10:01:59Z,54.0,
36992082296,1,CLI Installer Smoke,Build dev native CLI (darwin-x64),step,Run oven-sh/setup-bun@v2,success,,2026-10-02T10:01:59Z,2026-10-02T10:02:01Z,2.0,
36992082296,1,CLI Installer Smoke,Build dev native CLI (darwin-x64),step,Run pnpm install --frozen-lockfile --filter='!@traderalice/desktop',success,,2026-10-02T10:02:01Z,2026-10-02T10:02:27Z,26.0,
36992082296,1,CLI Installer Smoke,Build dev native CLI (darwin-x64),step,Download platform-neutral inputs,success,,2026-10-02T10:02:27Z,2026-10-02T10:02:29Z,2.0,
36992082296,1,CLI Installer Smoke,Build dev native CLI (darwin-x64),step,Verify and install commit-bound neutral inputs,success,,2026-10-02T10:02:29Z,2026-10-02T10:02:30Z,1.0,
36992082296,1,CLI Installer Smoke,Build dev native CLI (darwin-x64),step,Accept multiprocess recovery once per dev commit,skipped,,2026-10-02T10:02:30Z,2026-10-02T10:02:30Z,0,
36992082296,1,CLI Installer Smoke,Build dev native CLI (darwin-x64),step,Run actions/download-artifact@v4,success,,2026-10-02T10:02:30Z,2026-10-02T10:02:32Z,2.0,
36992082296,1,CLI Installer Smoke,Build dev native CLI (darwin-x64),step,Build native CLI,success,,2026-10-02T10:02:32Z,2026-10-02T10:03:26Z,54.0,
36992082296,1,CLI Installer Smoke,Build dev native CLI (darwin-x64),step,Name the native acceptance report,success,,2026-10-02T10:03:26Z,2026-10-02T10:03:26Z,0,
36992082296,1,CLI Installer Smoke,Build dev native CLI (darwin-x64),step,Preserve accepted dev candidate,success,,2026-10-02T10:03:26Z,2026-10-02T10:03:28Z,2.0,
36992082296,1,CLI Installer Smoke,Build dev native CLI (darwin-x64),step,Post Run oven-sh/setup-bun@v2,success,,2026-10-02T10:03:28Z,2026-10-02T10:03:28Z,0,
36992082296,1,CLI Installer Smoke,Build dev native CLI (darwin-x64),step,Post Run actions/setup-node@v7,success,,2026-10-02T10:03:28Z,2026-10-02T10:03:29Z,1.0,
36992082296,1,CLI Installer Smoke,Build dev native CLI (darwin-x64),step,Post Run pnpm/action-setup@v6,success,,2026-10-02T10:03:29Z,2026-10-02T10:03:29Z,0,
36992082296,1,CLI Installer Smoke,Build dev native CLI (darwin-x64),step,Post Run actions/checkout@v7,success,,2026-10-02T10:03:29Z,2026-10-02T10:03:30Z,1.0,
36992082296,1,CLI Installer Smoke,Build dev native CLI (darwin-x64),step,Complete job,success,,2026-10-02T10:03:30Z,2026-10-02T10:03:30Z,0,
36992082296,1,CLI Installer Smoke,build-dev-cli-windows / Windows CLI (arm64),job,,success,2026-10-02T10:00:45Z,2026-10-02T10:00:49Z,2026-10-02T10:01:48Z,59.0,4.0
36992082296,1,CLI Installer Smoke,build-dev-cli-windows / Windows CLI (arm64),step,Set up job,success,,2026-10-02T10:00:52Z,2026-10-02T10:00:54Z,2.0,
36992082296,1,CLI Installer Smoke,build-dev-cli-windows / Windows CLI (arm64),step,Run actions/checkout@v7,success,,2026-10-02T10:00:54Z,2026-10-02T10:00:57Z,3.0,
36992082296,1,CLI Installer Smoke,build-dev-cli-windows / Windows CLI (arm64),step,Run pnpm/action-setup@v6,success,,2026-10-02T10:00:57Z,2026-10-02T10:01:03Z,6.0,
36992082296,1,CLI Installer Smoke,build-dev-cli-windows / Windows CLI (arm64),step,Run actions/setup-node@v7,success,,2026-10-02T10:01:03Z,2026-10-02T10:01:17Z,14.0,
36992082296,1,CLI Installer Smoke,build-dev-cli-windows / Windows CLI (arm64),step,Run oven-sh/setup-bun@v2,success,,2026-10-02T10:01:17Z,2026-10-02T10:01:19Z,2.0,
36992082296,1,CLI Installer Smoke,build-dev-cli-windows / Windows CLI (arm64),step,Run pnpm install --frozen-lockfile --filter='!@traderalice/desktop',success,,2026-10-02T10:01:19Z,2026-10-02T10:01:26Z,7.0,
36992082296,1,CLI Installer Smoke,build-dev-cli-windows / Windows CLI (arm64),step,Run pnpm build:server,skipped,,2026-10-02T10:01:26Z,2026-10-02T10:01:26Z,0,
36992082296,1,CLI Installer Smoke,build-dev-cli-windows / Windows CLI (arm64),step,Reuse shared server inputs,success,,2026-10-02T10:01:26Z,2026-10-02T10:01:29Z,3.0,
36992082296,1,CLI Installer Smoke,build-dev-cli-windows / Windows CLI (arm64),step,Verify shared server inputs,success,,2026-10-02T10:01:29Z,2026-10-02T10:01:29Z,0,
36992082296,1,CLI Installer Smoke,build-dev-cli-windows / Windows CLI (arm64),step,Run actions/download-artifact@v4,success,,2026-10-02T10:01:29Z,2026-10-02T10:01:33Z,4.0,
36992082296,1,CLI Installer Smoke,build-dev-cli-windows / Windows CLI (arm64),step,Assemble preview before native acceptance,success,,2026-10-02T10:01:33Z,2026-10-02T10:01:41Z,8.0,
36992082296,1,CLI Installer Smoke,build-dev-cli-windows / Windows CLI (arm64),step,Preserve complete candidate for reproduction,success,,2026-10-02T10:01:41Z,2026-10-02T10:01:43Z,2.0,
36992082296,1,CLI Installer Smoke,build-dev-cli-windows / Windows CLI (arm64),step,Reuse an existing candidate without installing dependencies or rebuilding,skipped,,2026-10-02T10:01:43Z,2026-10-02T10:01:43Z,0,
36992082296,1,CLI Installer Smoke,build-dev-cli-windows / Windows CLI (arm64),step,Check native ConPTY input resize and independent termination,skipped,,2026-10-02T10:01:43Z,2026-10-02T10:01:43Z,0,
36992082296,1,CLI Installer Smoke,build-dev-cli-windows / Windows CLI (arm64),step,Install and start the packaged Runtime,skipped,,2026-10-02T10:01:43Z,2026-10-02T10:01:43Z,0,
36992082296,1,CLI Installer Smoke,build-dev-cli-windows / Windows CLI (arm64),step,Accept Windows npm and Bun native command shims,skipped,,2026-10-02T10:01:43Z,2026-10-02T10:01:43Z,0,
36992082296,1,CLI Installer Smoke,build-dev-cli-windows / Windows CLI (arm64),step,Preserve native verification receipt,success,,2026-10-02T10:01:43Z,2026-10-02T10:01:44Z,1.0,
36992082296,1,CLI Installer Smoke,build-dev-cli-windows / Windows CLI (arm64),step,Post Run oven-sh/setup-bun@v2,success,,2026-10-02T10:01:44Z,2026-10-02T10:01:44Z,0,
36992082296,1,CLI Installer Smoke,build-dev-cli-windows / Windows CLI (arm64),step,Post Run actions/setup-node@v7,success,,2026-10-02T10:01:44Z,2026-10-02T10:01:44Z,0,
36992082296,1,CLI Installer Smoke,build-dev-cli-windows / Windows CLI (arm64),step,Post Run pnpm/action-setup@v6,success,,2026-10-02T10:01:44Z,2026-10-02T10:01:44Z,0,
36992082296,1,CLI Installer Smoke,build-dev-cli-windows / Windows CLI (arm64),step,Post Run actions/checkout@v7,success,,2026-10-02T10:01:44Z,2026-10-02T10:01:45Z,1.0,
36992082296,1,CLI Installer Smoke,build-dev-cli-windows / Windows CLI (arm64),step,Complete job,success,,2026-10-02T10:01:45Z,2026-10-02T10:01:45Z,0,
36992082296,1,CLI Installer Smoke,build-dev-cli-windows / Windows CLI (x64),job,,success,2026-10-02T10:00:45Z,2026-10-02T10:00:49Z,2026-10-02T10:01:33Z,44.0,4.0
36992082296,1,CLI Installer Smoke,build-dev-cli-windows / Windows CLI (x64),step,Set up job,success,,2026-10-02T10:00:49Z,2026-10-02T10:00:51Z,2.0,
36992082296,1,CLI Installer Smoke,build-dev-cli-windows / Windows CLI (x64),step,Run actions/checkout@v7,success,,2026-10-02T10:00:51Z,2026-10-02T10:00:54Z,3.0,
36992082296,1,CLI Installer Smoke,build-dev-cli-windows / Windows CLI (x64),step,Run pnpm/action-setup@v6,success,,2026-10-02T10:00:54Z,2026-10-02T10:01:01Z,7.0,
36992082296,1,CLI Installer Smoke,build-dev-cli-windows / Windows CLI (x64),step,Run actions/setup-node@v7,success,,2026-10-02T10:01:01Z,2026-10-02T10:01:12Z,11.0,
36992082296,1,CLI Installer Smoke,build-dev-cli-windows / Windows CLI (x64),step,Run oven-sh/setup-bun@v2,success,,2026-10-02T10:01:12Z,2026-10-02T10:01:12Z,0,
36992082296,1,CLI Installer Smoke,build-dev-cli-windows / Windows CLI (x64),step,Run pnpm install --frozen-lockfile --filter='!@traderalice/desktop',success,,2026-10-02T10:01:12Z,2026-10-02T10:01:19Z,7.0,
36992082296,1,CLI Installer Smoke,build-dev-cli-windows / Windows CLI (x64),step,Run pnpm build:server,skipped,,2026-10-02T10:01:19Z,2026-10-02T10:01:19Z,0,
36992082296,1,CLI Installer Smoke,build-dev-cli-windows / Windows CLI (x64),step,Reuse shared server inputs,success,,2026-10-02T10:01:19Z,2026-10-02T10:01:20Z,1.0,
36992082296,1,CLI Installer Smoke,build-dev-cli-windows / Windows CLI (x64),step,Verify shared server inputs,success,,2026-10-02T10:01:20Z,2026-10-02T10:01:20Z,0,
36992082296,1,CLI Installer Smoke,build-dev-cli-windows / Windows CLI (x64),step,Run actions/download-artifact@v4,success,,2026-10-02T10:01:20Z,2026-10-02T10:01:21Z,1.0,
36992082296,1,CLI Installer Smoke,build-dev-cli-windows / Windows CLI (x64),step,Assemble preview before native acceptance,success,,2026-10-02T10:01:21Z,2026-10-02T10:01:30Z,9.0,
36992082296,1,CLI Installer Smoke,build-dev-cli-windows / Windows CLI (x64),step,Preserve complete candidate for reproduction,success,,2026-10-02T10:01:30Z,2026-10-02T10:01:31Z,1.0,
36992082296,1,CLI Installer Smoke,build-dev-cli-windows / Windows CLI (x64),step,Reuse an existing candidate without installing dependencies or rebuilding,skipped,,2026-10-02T10:01:31Z,2026-10-02T10:01:31Z,0,
36992082296,1,CLI Installer Smoke,build-dev-cli-windows / Windows CLI (x64),step,Check native ConPTY input resize and independent termination,skipped,,2026-10-02T10:01:31Z,2026-10-02T10:01:31Z,0,
36992082296,1,CLI Installer Smoke,build-dev-cli-windows / Windows CLI (x64),step,Install and start the packaged Runtime,skipped,,2026-10-02T10:01:31Z,2026-10-02T10:01:31Z,0,
36992082296,1,CLI Installer Smoke,build-dev-cli-windows / Windows CLI (x64),step,Accept Windows npm and Bun native command shims,skipped,,2026-10-02T10:01:31Z,2026-10-02T10:01:31Z,0,
36992082296,1,CLI Installer Smoke,build-dev-cli-windows / Windows CLI (x64),step,Preserve native verification receipt,success,,2026-10-02T10:01:31Z,2026-10-02T10:01:32Z,1.0,
36992082296,1,CLI Installer Smoke,build-dev-cli-windows / Windows CLI (x64),step,Post Run oven-sh/setup-bun@v2,success,,2026-10-02T10:01:32Z,2026-10-02T10:01:32Z,0,
36992082296,1,CLI Installer Smoke,build-dev-cli-windows / Windows CLI (x64),step,Post Run actions/setup-node@v7,success,,2026-10-02T10:01:32Z,2026-10-02T10:01:32Z,0,
36992082296,1,CLI Installer Smoke,build-dev-cli-windows / Windows CLI (x64),step,Post Run pnpm/action-setup@v6,success,,2026-10-02T10:01:32Z,2026-10-02T10:01:32Z,0,
36992082296,1,CLI Installer Smoke,build-dev-cli-windows / Windows CLI (x64),step,Post Run actions/checkout@v7,success,,2026-10-02T10:01:32Z,2026-10-02T10:01:32Z,0,
36992082296,1,CLI Installer Smoke,build-dev-cli-windows / Windows CLI (x64),step,Complete job,success,,2026-10-02T10:01:32Z,2026-10-02T10:01:32Z,0,
36992082296,1,CLI Installer Smoke,Publish immutable dev CLI candidate,job,,success,2026-10-02T10:03:39Z,2026-10-02T10:03:42Z,2026-10-02T10:06:17Z,155.0,3.0
36992082296,1,CLI Installer Smoke,Publish immutable dev CLI candidate,step,Set up job,success,,2026-10-02T10:03:43Z,2026-10-02T10:03:44Z,1.0,
36992082296,1,CLI Installer Smoke,Publish immutable dev CLI candidate,step,Run actions/checkout@v7,success,,2026-10-02T10:03:44Z,2026-10-02T10:03:47Z,3.0,
36992082296,1,CLI Installer Smoke,Publish immutable dev CLI candidate,step,Run actions/setup-node@v7,success,,2026-10-02T10:03:47Z,2026-10-02T10:03:52Z,5.0,
36992082296,1,CLI Installer Smoke,Publish immutable dev CLI candidate,step,Run actions/download-artifact@v4,success,,2026-10-02T10:03:52Z,2026-10-02T10:03:59Z,7.0,
36992082296,1,CLI Installer Smoke,Publish immutable dev CLI candidate,step,Run actions/download-artifact@v4,success,,2026-10-02T10:03:59Z,2026-10-02T10:04:05Z,6.0,
36992082296,1,CLI Installer Smoke,Publish immutable dev CLI candidate,step,Validate candidates and prepare candidate receipt,success,,2026-10-02T10:04:05Z,2026-10-02T10:04:22Z,17.0,
36992082296,1,CLI Installer Smoke,Publish immutable dev CLI candidate,step,Install AWS CLI,success,,2026-10-02T10:04:22Z,2026-10-02T10:04:26Z,4.0,
36992082296,1,CLI Installer Smoke,Publish immutable dev CLI candidate,step,Publish immutable candidate without overwriting accepted bytes,success,,2026-10-02T10:04:26Z,2026-10-02T10:06:12Z,106.0,
36992082296,1,CLI Installer Smoke,Publish immutable dev CLI candidate,step,Preserve candidate activation receipt,success,,2026-10-02T10:06:12Z,2026-10-02T10:06:13Z,1.0,
36992082296,1,CLI Installer Smoke,Publish immutable dev CLI candidate,step,Post Run actions/setup-node@v7,success,,2026-10-02T10:06:13Z,2026-10-02T10:06:14Z,1.0,
36992082296,1,CLI Installer Smoke,Publish immutable dev CLI candidate,step,Post Run actions/checkout@v7,success,,2026-10-02T10:06:14Z,2026-10-02T10:06:14Z,0,
36992082296,1,CLI Installer Smoke,Publish immutable dev CLI candidate,step,Complete job,success,,2026-10-02T10:06:14Z,2026-10-02T10:06:14Z,0,
36992082296,1,CLI Installer Smoke,Activate current dev CLI channel,job,,success,2026-10-02T10:06:17Z,2026-10-02T10:06:19Z,2026-10-02T10:07:00Z,41.0,2.0
36992082296,1,CLI Installer Smoke,Activate current dev CLI channel,step,Set up job,success,,2026-10-02T10:06:20Z,2026-10-02T10:06:21Z,1.0,
36992082296,1,CLI Installer Smoke,Activate current dev CLI channel,step,Run actions/checkout@v7,success,,2026-10-02T10:06:21Z,2026-10-02T10:06:24Z,3.0,
36992082296,1,CLI Installer Smoke,Activate current dev CLI channel,step,Check whether candidate is current dev head,success,,2026-10-02T10:06:24Z,2026-10-02T10:06:24Z,0,
36992082296,1,CLI Installer Smoke,Activate current dev CLI channel,step,Run actions/setup-node@v7,success,,2026-10-02T10:06:24Z,2026-10-02T10:06:29Z,5.0,
36992082296,1,CLI Installer Smoke,Activate current dev CLI channel,step,Run actions/download-artifact@v4,success,,2026-10-02T10:06:29Z,2026-10-02T10:06:31Z,2.0,
36992082296,1,CLI Installer Smoke,Activate current dev CLI channel,step,Run actions/download-artifact@v4,success,,2026-10-02T10:06:31Z,2026-10-02T10:06:32Z,1.0,
36992082296,1,CLI Installer Smoke,Activate current dev CLI channel,step,Install AWS CLI,success,,2026-10-02T10:06:32Z,2026-10-02T10:06:37Z,5.0,
36992082296,1,CLI Installer Smoke,Activate current dev CLI channel,step,Revalidate dev head before mutable activation,success,,2026-10-02T10:06:37Z,2026-10-02T10:06:37Z,0,
36992082296,1,CLI Installer Smoke,Activate current dev CLI channel,step,Activate manifest and transitional aliases,success,,2026-10-02T10:06:37Z,2026-10-02T10:06:58Z,21.0,
36992082296,1,CLI Installer Smoke,Activate current dev CLI channel,step,Post Run actions/setup-node@v7,success,,2026-10-02T10:06:58Z,2026-10-02T10:06:58Z,0,
36992082296,1,CLI Installer Smoke,Activate current dev CLI channel,step,Post Run actions/checkout@v7,success,,2026-10-02T10:06:58Z,2026-10-02T10:06:58Z,0,
36992082296,1,CLI Installer Smoke,Activate current dev CLI channel,step,Complete job,success,,2026-10-02T10:06:58Z,2026-10-02T10:06:58Z,0,
36992082296,1,CLI Installer Smoke,Live raw dev channel install,job,,success,2026-10-02T10:07:00Z,2026-10-02T10:07:03Z,2026-10-02T10:07:34Z,31.0,3.0
36992082296,1,CLI Installer Smoke,Live raw dev channel install,step,Set up job,success,,2026-10-02T10:07:04Z,2026-10-02T10:07:04Z,0,
36992082296,1,CLI Installer Smoke,Live raw dev channel install,step,Run actions/checkout@v7,success,,2026-10-02T10:07:04Z,2026-10-02T10:07:07Z,3.0,
36992082296,1,CLI Installer Smoke,Live raw dev channel install,step,Run actions/setup-node@v7,success,,2026-10-02T10:07:07Z,2026-10-02T10:07:11Z,4.0,
36992082296,1,CLI Installer Smoke,Live raw dev channel install,step,Install raw dev script and dev payload in a clean host,success,,2026-10-02T10:07:11Z,2026-10-02T10:07:33Z,22.0,
36992082296,1,CLI Installer Smoke,Live raw dev channel install,step,Post Run actions/setup-node@v7,success,,2026-10-02T10:07:33Z,2026-10-02T10:07:33Z,0,
36992082296,1,CLI Installer Smoke,Live raw dev channel install,step,Post Run actions/checkout@v7,success,,2026-10-02T10:07:33Z,2026-10-02T10:07:33Z,0,
36992082296,1,CLI Installer Smoke,Live raw dev channel install,step,Complete job,success,,2026-10-02T10:07:33Z,2026-10-02T10:07:33Z,0,
36992151127,1,Desktop Package Smoke,fast preflight,job,,success,2026-10-02T09:51:06Z,2026-10-02T09:51:09Z,2026-10-02T09:52:06Z,57.0,3.0
36992151127,1,Desktop Package Smoke,fast preflight,step,Set up job,success,,2026-10-02T09:51:10Z,2026-10-02T09:51:10Z,0,
36992151127,1,Desktop Package Smoke,fast preflight,step,Run actions/checkout@v7,success,,2026-10-02T09:51:10Z,2026-10-02T09:51:14Z,4.0,
36992151127,1,Desktop Package Smoke,fast preflight,step,Run actions/setup-node@v7,success,,2026-10-02T09:51:14Z,2026-10-02T09:51:14Z,0,
36992151127,1,Desktop Package Smoke,fast preflight,step,Detect exact beta release preparation,success,,2026-10-02T09:51:14Z,2026-10-02T09:51:14Z,0,
36992151127,1,Desktop Package Smoke,fast preflight,step,Run pnpm/action-setup@v6,success,,2026-10-02T09:51:14Z,2026-10-02T09:51:19Z,5.0,
36992151127,1,Desktop Package Smoke,fast preflight,step,Run actions/setup-node@v7,success,,2026-10-02T09:51:19Z,2026-10-02T09:51:26Z,7.0,
36992151127,1,Desktop Package Smoke,fast preflight,step,Install dependencies,success,,2026-10-02T09:51:26Z,2026-10-02T09:51:33Z,7.0,
36992151127,1,Desktop Package Smoke,fast preflight,step,Verify CI workflow contracts,success,,2026-10-02T09:51:33Z,2026-10-02T09:51:45Z,12.0,
36992151127,1,Desktop Package Smoke,fast preflight,step,Typecheck root workspace,success,,2026-10-02T09:51:45Z,2026-10-02T09:52:04Z,19.0,
36992151127,1,Desktop Package Smoke,fast preflight,step,Post Run actions/setup-node@v7,success,,2026-10-02T09:52:04Z,2026-10-02T09:52:05Z,1.0,
36992151127,1,Desktop Package Smoke,fast preflight,step,Post Run pnpm/action-setup@v6,success,,2026-10-02T09:52:05Z,2026-10-02T09:52:05Z,0,
36992151127,1,Desktop Package Smoke,fast preflight,step,Post Run actions/setup-node@v7,success,,2026-10-02T09:52:05Z,2026-10-02T09:52:05Z,0,
36992151127,1,Desktop Package Smoke,fast preflight,step,Post Run actions/checkout@v7,success,,2026-10-02T09:52:05Z,2026-10-02T09:52:05Z,0,
36992151127,1,Desktop Package Smoke,fast preflight,step,Complete job,success,,2026-10-02T09:52:05Z,2026-10-02T09:52:05Z,0,
36992151127,1,Desktop Package Smoke,broker-packs windows-latest,job,,success,2026-10-02T09:52:06Z,2026-10-02T09:52:10Z,2026-10-02T10:07:45Z,935.0,4.0
36992151127,1,Desktop Package Smoke,broker-packs windows-latest,step,Set up job,success,,2026-10-02T09:52:11Z,2026-10-02T09:52:12Z,1.0,
36992151127,1,Desktop Package Smoke,broker-packs windows-latest,step,Run actions/checkout@v7,success,,2026-10-02T09:52:12Z,2026-10-02T09:52:21Z,9.0,
36992151127,1,Desktop Package Smoke,broker-packs windows-latest,step,Run pnpm/action-setup@v6,success,,2026-10-02T09:52:21Z,2026-10-02T09:52:42Z,21.0,
36992151127,1,Desktop Package Smoke,broker-packs windows-latest,step,Run actions/setup-node@v7,success,,2026-10-02T09:52:42Z,2026-10-02T09:53:13Z,31.0,
36992151127,1,Desktop Package Smoke,broker-packs windows-latest,step,Install dependencies,success,,2026-10-02T09:53:13Z,2026-10-02T09:53:40Z,27.0,
36992151127,1,Desktop Package Smoke,broker-packs windows-latest,step,Run oven-sh/setup-bun@v2,success,,2026-10-02T09:53:40Z,2026-10-02T09:53:42Z,2.0,
36992151127,1,Desktop Package Smoke,broker-packs windows-latest,step,Build optional Broker Packs on Windows,success,,2026-10-02T09:53:42Z,2026-10-02T09:57:59Z,257.0,
36992151127,1,Desktop Package Smoke,broker-packs windows-latest,step,Verify Broker Packs in compiled runtime,success,,2026-10-02T09:57:59Z,2026-10-02T10:01:06Z,187.0,
36992151127,1,Desktop Package Smoke,broker-packs windows-latest,step,Prove previous-release Broker Pack upgrade on Windows,success,,2026-10-02T10:01:06Z,2026-10-02T10:07:39Z,393.0,
36992151127,1,Desktop Package Smoke,broker-packs windows-latest,step,Post Run oven-sh/setup-bun@v2,success,,2026-10-02T10:07:39Z,2026-10-02T10:07:41Z,2.0,
36992151127,1,Desktop Package Smoke,broker-packs windows-latest,step,Post Run actions/setup-node@v7,success,,2026-10-02T10:07:41Z,2026-10-02T10:07:41Z,0,
36992151127,1,Desktop Package Smoke,broker-packs windows-latest,step,Post Run pnpm/action-setup@v6,success,,2026-10-02T10:07:41Z,2026-10-02T10:07:41Z,0,
36992151127,1,Desktop Package Smoke,broker-packs windows-latest,step,Post Run actions/checkout@v7,success,,2026-10-02T10:07:41Z,2026-10-02T10:07:43Z,2.0,
36992151127,1,Desktop Package Smoke,broker-packs windows-latest,step,Complete job,success,,2026-10-02T10:07:43Z,2026-10-02T10:07:43Z,0,
36992151127,1,Desktop Package Smoke,package macos-14,job,,success,2026-10-02T09:52:06Z,2026-10-02T09:52:14Z,2026-10-02T09:57:16Z,302.0,8.0
36992151127,1,Desktop Package Smoke,package macos-14,step,Set up job,success,,2026-10-02T09:52:15Z,2026-10-02T09:52:17Z,2.0,
36992151127,1,Desktop Package Smoke,package macos-14,step,Run actions/checkout@v7,success,,2026-10-02T09:52:17Z,2026-10-02T09:52:23Z,6.0,
36992151127,1,Desktop Package Smoke,package macos-14,step,Run pnpm/action-setup@v6,success,,2026-10-02T09:52:23Z,2026-10-02T09:52:27Z,4.0,
36992151127,1,Desktop Package Smoke,package macos-14,step,Run actions/setup-node@v7,success,,2026-10-02T09:52:27Z,2026-10-02T09:52:43Z,16.0,
36992151127,1,Desktop Package Smoke,package macos-14,step,Install dependencies,success,,2026-10-02T09:52:43Z,2026-10-02T09:53:08Z,25.0,
36992151127,1,Desktop Package Smoke,package macos-14,step,Verify bundled git (dugite) was fetched,success,,2026-10-02T09:53:08Z,2026-10-02T09:53:09Z,1.0,
36992151127,1,Desktop Package Smoke,package macos-14,step,Verify package inspectors on the native host,success,,2026-10-02T09:53:09Z,2026-10-02T09:53:11Z,2.0,
36992151127,1,Desktop Package Smoke,package macos-14,step,Build Alice + UTA + desktop shell,success,,2026-10-02T09:53:11Z,2026-10-02T09:55:11Z,120.0,
36992151127,1,Desktop Package Smoke,package macos-14,step,Smoke native companion interaction,success,,2026-10-02T09:55:11Z,2026-10-02T09:55:20Z,9.0,
36992151127,1,Desktop Package Smoke,package macos-14,step,Smoke Guardian takeover through Electron,success,,2026-10-02T09:55:20Z,2026-10-02T09:55:30Z,10.0,
36992151127,1,Desktop Package Smoke,package macos-14,step,Smoke existing-owner browser handoff through Electron,success,,2026-10-02T09:55:30Z,2026-10-02T09:55:32Z,2.0,
36992151127,1,Desktop Package Smoke,package macos-14,step,Vendor managed workspace runtime,success,,2026-10-02T09:55:32Z,2026-10-02T09:55:37Z,5.0,
36992151127,1,Desktop Package Smoke,package macos-14,step,Verify managed Pi runtime,success,,2026-10-02T09:55:37Z,2026-10-02T09:55:38Z,1.0,
36992151127,1,Desktop Package Smoke,package macos-14,step,Package unpacked desktop app,success,,2026-10-02T09:55:38Z,2026-10-02T09:56:22Z,44.0,
36992151127,1,Desktop Package Smoke,package macos-14,step,Assert packaged resource layout,success,,2026-10-02T09:56:22Z,2026-10-02T09:56:23Z,1.0,
36992151127,1,Desktop Package Smoke,package macos-14,step,Smoke packaged managed toolchain,success,,2026-10-02T09:56:23Z,2026-10-02T09:56:25Z,2.0,
36992151127,1,Desktop Package Smoke,package macos-14,step,Prove packaged Workspace CLI acceptance,success,,2026-10-02T09:56:25Z,2026-10-02T09:56:42Z,17.0,
36992151127,1,Desktop Package Smoke,package macos-14,step,Prove packaged Workspace CLI acceptance and Windows build wrapper,skipped,,2026-10-02T09:56:42Z,2026-10-02T09:56:42Z,0,
36992151127,1,Desktop Package Smoke,package macos-14,step,Upload Workspace acceptance receipt,success,,2026-10-02T09:56:42Z,2026-10-02T09:56:43Z,1.0,
36992151127,1,Desktop Package Smoke,package macos-14,step,Prove previous desktop release state upgrades to the candidate,success,,2026-10-02T09:56:43Z,2026-10-02T09:57:12Z,29.0,
36992151127,1,Desktop Package Smoke,package macos-14,step,Upload desktop upgrade acceptance receipt,success,,2026-10-02T09:57:12Z,2026-10-02T09:57:13Z,1.0,
36992151127,1,Desktop Package Smoke,package macos-14,step,Post Run actions/setup-node@v7,success,,2026-10-02T09:57:13Z,2026-10-02T09:57:13Z,0,
36992151127,1,Desktop Package Smoke,package macos-14,step,Post Run pnpm/action-setup@v6,success,,2026-10-02T09:57:13Z,2026-10-02T09:57:13Z,0,
36992151127,1,Desktop Package Smoke,package macos-14,step,Post Run actions/checkout@v7,success,,2026-10-02T09:57:13Z,2026-10-02T09:57:14Z,1.0,
36992151127,1,Desktop Package Smoke,package macos-14,step,Complete job,success,,2026-10-02T09:57:14Z,2026-10-02T09:57:15Z,1.0,
36992151127,1,Desktop Package Smoke,package windows-latest,job,,success,2026-10-02T09:52:06Z,2026-10-02T09:52:10Z,2026-10-02T10:06:36Z,866.0,4.0
36992151127,1,Desktop Package Smoke,package windows-latest,step,Set up job,success,,2026-10-02T09:52:11Z,2026-10-02T09:52:12Z,1.0,
36992151127,1,Desktop Package Smoke,package windows-latest,step,Run actions/checkout@v7,success,,2026-10-02T09:52:12Z,2026-10-02T09:52:25Z,13.0,
36992151127,1,Desktop Package Smoke,package windows-latest,step,Run pnpm/action-setup@v6,success,,2026-10-02T09:52:25Z,2026-10-02T09:53:01Z,36.0,
36992151127,1,Desktop Package Smoke,package windows-latest,step,Run actions/setup-node@v7,success,,2026-10-02T09:53:01Z,2026-10-02T09:53:30Z,29.0,
36992151127,1,Desktop Package Smoke,package windows-latest,step,Install dependencies,success,,2026-10-02T09:53:30Z,2026-10-02T09:53:57Z,27.0,
36992151127,1,Desktop Package Smoke,package windows-latest,step,Verify bundled git (dugite) was fetched,skipped,,2026-10-02T09:53:57Z,2026-10-02T09:53:57Z,0,
36992151127,1,Desktop Package Smoke,package windows-latest,step,Verify package inspectors on the native host,success,,2026-10-02T09:53:57Z,2026-10-02T09:54:02Z,5.0,
36992151127,1,Desktop Package Smoke,package windows-latest,step,Build Alice + UTA + desktop shell,success,,2026-10-02T09:54:02Z,2026-10-02T09:55:33Z,91.0,
36992151127,1,Desktop Package Smoke,package windows-latest,step,Smoke native companion interaction,success,,2026-10-02T09:55:33Z,2026-10-02T09:55:38Z,5.0,
36992151127,1,Desktop Package Smoke,package windows-latest,step,Smoke Guardian takeover through Electron,success,,2026-10-02T09:55:38Z,2026-10-02T09:56:04Z,26.0,
36992151127,1,Desktop Package Smoke,package windows-latest,step,Smoke existing-owner browser handoff through Electron,success,,2026-10-02T09:56:04Z,2026-10-02T09:56:10Z,6.0,
36992151127,1,Desktop Package Smoke,package windows-latest,step,Vendor managed workspace runtime,success,,2026-10-02T09:56:10Z,2026-10-02T09:56:45Z,35.0,
36992151127,1,Desktop Package Smoke,package windows-latest,step,Verify managed Pi runtime,success,,2026-10-02T09:56:45Z,2026-10-02T09:56:46Z,1.0,
36992151127,1,Desktop Package Smoke,package windows-latest,step,Package unpacked desktop app,success,,2026-10-02T09:56:46Z,2026-10-02T09:59:13Z,147.0,
36992151127,1,Desktop Package Smoke,package windows-latest,step,Assert packaged resource layout,success,,2026-10-02T09:59:13Z,2026-10-02T09:59:14Z,1.0,
36992151127,1,Desktop Package Smoke,package windows-latest,step,Smoke packaged managed toolchain,success,,2026-10-02T09:59:14Z,2026-10-02T09:59:19Z,5.0,
36992151127,1,Desktop Package Smoke,package windows-latest,step,Prove packaged Workspace CLI acceptance,skipped,,2026-10-02T09:59:19Z,2026-10-02T09:59:19Z,0,
36992151127,1,Desktop Package Smoke,package windows-latest,step,Prove packaged Workspace CLI acceptance and Windows build wrapper,success,,2026-10-02T09:59:19Z,2026-10-02T10:00:07Z,48.0,
36992151127,1,Desktop Package Smoke,package windows-latest,step,Upload Workspace acceptance receipt,success,,2026-10-02T10:00:07Z,2026-10-02T10:00:08Z,1.0,
36992151127,1,Desktop Package Smoke,package windows-latest,step,Prove previous desktop release state upgrades to the candidate,success,,2026-10-02T10:00:08Z,2026-10-02T10:06:31Z,383.0,
36992151127,1,Desktop Package Smoke,package windows-latest,step,Upload desktop upgrade acceptance receipt,success,,2026-10-02T10:06:31Z,2026-10-02T10:06:32Z,1.0,
36992151127,1,Desktop Package Smoke,package windows-latest,step,Post Run actions/setup-node@v7,success,,2026-10-02T10:06:32Z,2026-10-02T10:06:32Z,0,
36992151127,1,Desktop Package Smoke,package windows-latest,step,Post Run pnpm/action-setup@v6,success,,2026-10-02T10:06:32Z,2026-10-02T10:06:33Z,1.0,
36992151127,1,Desktop Package Smoke,package windows-latest,step,Post Run actions/checkout@v7,success,,2026-10-02T10:06:33Z,2026-10-02T10:06:34Z,1.0,
36992151127,1,Desktop Package Smoke,package windows-latest,step,Complete job,success,,2026-10-02T10:06:34Z,2026-10-02T10:06:34Z,0,
36992151127,1,Desktop Package Smoke,package macos-15-intel,job,,success,2026-10-02T09:52:06Z,2026-10-02T09:53:04Z,2026-10-02T10:07:52Z,888.0,58.0
36992151127,1,Desktop Package Smoke,package macos-15-intel,step,Set up job,success,,2026-10-02T09:53:05Z,2026-10-02T09:53:08Z,3.0,
36992151127,1,Desktop Package Smoke,package macos-15-intel,step,Run actions/checkout@v7,success,,2026-10-02T09:53:08Z,2026-10-02T09:53:19Z,11.0,
36992151127,1,Desktop Package Smoke,package macos-15-intel,step,Run pnpm/action-setup@v6,success,,2026-10-02T09:53:19Z,2026-10-02T09:53:33Z,14.0,
36992151127,1,Desktop Package Smoke,package macos-15-intel,step,Run actions/setup-node@v7,success,,2026-10-02T09:53:33Z,2026-10-02T09:53:38Z,5.0,
36992151127,1,Desktop Package Smoke,package macos-15-intel,step,Install dependencies,success,,2026-10-02T09:53:38Z,2026-10-02T09:55:28Z,110.0,
36992151127,1,Desktop Package Smoke,package macos-15-intel,step,Verify bundled git (dugite) was fetched,success,,2026-10-02T09:55:28Z,2026-10-02T09:55:29Z,1.0,
36992151127,1,Desktop Package Smoke,package macos-15-intel,step,Verify package inspectors on the native host,success,,2026-10-02T09:55:29Z,2026-10-02T09:55:34Z,5.0,
36992151127,1,Desktop Package Smoke,package macos-15-intel,step,Build Alice + UTA + desktop shell,success,,2026-10-02T09:55:34Z,2026-10-02T09:59:35Z,241.0,
36992151127,1,Desktop Package Smoke,package macos-15-intel,step,Smoke native companion interaction,success,,2026-10-02T09:59:35Z,2026-10-02T09:59:52Z,17.0,
36992151127,1,Desktop Package Smoke,package macos-15-intel,step,Smoke Guardian takeover through Electron,success,,2026-10-02T09:59:52Z,2026-10-02T10:00:09Z,17.0,
36992151127,1,Desktop Package Smoke,package macos-15-intel,step,Smoke existing-owner browser handoff through Electron,success,,2026-10-02T10:00:09Z,2026-10-02T10:00:16Z,7.0,
36992151127,1,Desktop Package Smoke,package macos-15-intel,step,Vendor managed workspace runtime,success,,2026-10-02T10:00:16Z,2026-10-02T10:00:49Z,33.0,
36992151127,1,Desktop Package Smoke,package macos-15-intel,step,Verify managed Pi runtime,success,,2026-10-02T10:00:49Z,2026-10-02T10:00:52Z,3.0,
36992151127,1,Desktop Package Smoke,package macos-15-intel,step,Package unpacked desktop app,success,,2026-10-02T10:00:52Z,2026-10-02T10:03:21Z,149.0,
36992151127,1,Desktop Package Smoke,package macos-15-intel,step,Assert packaged resource layout,success,,2026-10-02T10:03:21Z,2026-10-02T10:03:22Z,1.0,
36992151127,1,Desktop Package Smoke,package macos-15-intel,step,Smoke packaged managed toolchain,success,,2026-10-02T10:03:22Z,2026-10-02T10:03:26Z,4.0,
36992151127,1,Desktop Package Smoke,package macos-15-intel,step,Prove packaged Workspace CLI acceptance,success,,2026-10-02T10:03:26Z,2026-10-02T10:03:54Z,28.0,
36992151127,1,Desktop Package Smoke,package macos-15-intel,step,Prove packaged Workspace CLI acceptance and Windows build wrapper,skipped,,2026-10-02T10:03:54Z,2026-10-02T10:03:54Z,0,
36992151127,1,Desktop Package Smoke,package macos-15-intel,step,Upload Workspace acceptance receipt,success,,2026-10-02T10:03:54Z,2026-10-02T10:03:55Z,1.0,
36992151127,1,Desktop Package Smoke,package macos-15-intel,step,Prove previous desktop release state upgrades to the candidate,success,,2026-10-02T10:03:55Z,2026-10-02T10:06:07Z,132.0,
36992151127,1,Desktop Package Smoke,package macos-15-intel,step,Upload desktop upgrade acceptance receipt,success,,2026-10-02T10:06:07Z,2026-10-02T10:06:08Z,1.0,
36992151127,1,Desktop Package Smoke,package macos-15-intel,step,Post Run actions/setup-node@v7,success,,2026-10-02T10:06:08Z,2026-10-02T10:07:46Z,98.0,
36992151127,1,Desktop Package Smoke,package macos-15-intel,step,Post Run pnpm/action-setup@v6,success,,2026-10-02T10:07:46Z,2026-10-02T10:07:47Z,1.0,
36992151127,1,Desktop Package Smoke,package macos-15-intel,step,Post Run actions/checkout@v7,success,,2026-10-02T10:07:47Z,2026-10-02T10:07:48Z,1.0,
36992151127,1,Desktop Package Smoke,package macos-15-intel,step,Complete job,success,,2026-10-02T10:07:48Z,2026-10-02T10:07:50Z,2.0,
36992151210,1,Full Source Validation,source-contracts,job,,success,2026-10-02T09:51:06Z,2026-10-02T09:51:10Z,2026-10-02T09:52:54Z,104.0,4.0
36992151210,1,Full Source Validation,source-contracts,step,Set up job,success,,2026-10-02T09:51:10Z,2026-10-02T09:51:12Z,2.0,
36992151210,1,Full Source Validation,source-contracts,step,Run actions/checkout@v7,success,,2026-10-02T09:51:12Z,2026-10-02T09:51:16Z,4.0,
36992151210,1,Full Source Validation,source-contracts,step,Run actions/setup-node@v7,success,,2026-10-02T09:51:16Z,2026-10-02T09:51:23Z,7.0,
36992151210,1,Full Source Validation,source-contracts,step,Detect exact beta release preparation,success,,2026-10-02T09:51:23Z,2026-10-02T09:51:23Z,0,
36992151210,1,Full Source Validation,source-contracts,step,Run pnpm/action-setup@v6,success,,2026-10-02T09:51:23Z,2026-10-02T09:51:33Z,10.0,
36992151210,1,Full Source Validation,source-contracts,step,Run actions/setup-node@v7,success,,2026-10-02T09:51:33Z,2026-10-02T09:51:42Z,9.0,
36992151210,1,Full Source Validation,source-contracts,step,Run pnpm install --frozen-lockfile,success,,2026-10-02T09:51:42Z,2026-10-02T09:51:50Z,8.0,
36992151210,1,Full Source Validation,source-contracts,step,Verify CI workflow contracts,success,,2026-10-02T09:51:50Z,2026-10-02T09:51:58Z,8.0,
36992151210,1,Full Source Validation,source-contracts,step,Verify required local product and protocol evidence,success,,2026-10-02T09:51:58Z,2026-10-02T09:52:06Z,8.0,
36992151210,1,Full Source Validation,source-contracts,step,Upload required evidence receipt,success,,2026-10-02T09:52:06Z,2026-10-02T09:52:08Z,2.0,
36992151210,1,Full Source Validation,source-contracts,step,Typecheck root workspace,success,,2026-10-02T09:52:08Z,2026-10-02T09:52:18Z,10.0,
36992151210,1,Full Source Validation,source-contracts,step,Typecheck registered suites,success,,2026-10-02T09:52:18Z,2026-10-02T09:52:50Z,32.0,
36992151210,1,Full Source Validation,source-contracts,step,Post Run actions/setup-node@v7,success,,2026-10-02T09:52:50Z,2026-10-02T09:52:50Z,0,
36992151210,1,Full Source Validation,source-contracts,step,Post Run pnpm/action-setup@v6,success,,2026-10-02T09:52:50Z,2026-10-02T09:52:50Z,0,
36992151210,1,Full Source Validation,source-contracts,step,Post Run actions/setup-node@v7,success,,2026-10-02T09:52:50Z,2026-10-02T09:52:50Z,0,
36992151210,1,Full Source Validation,source-contracts,step,Post Run actions/checkout@v7,success,,2026-10-02T09:52:50Z,2026-10-02T09:52:51Z,1.0,
36992151210,1,Full Source Validation,source-contracts,step,Complete job,success,,2026-10-02T09:52:51Z,2026-10-02T09:52:51Z,0,
36992151210,1,Full Source Validation,dev-smoke,job,,success,2026-10-02T09:52:54Z,2026-10-02T09:52:57Z,2026-10-02T09:55:28Z,151.0,3.0
36992151210,1,Full Source Validation,dev-smoke,step,Set up job,success,,2026-10-02T09:52:58Z,2026-10-02T09:52:59Z,1.0,
36992151210,1,Full Source Validation,dev-smoke,step,Run actions/checkout@v7,success,,2026-10-02T09:52:59Z,2026-10-02T09:53:07Z,8.0,
36992151210,1,Full Source Validation,dev-smoke,step,Run pnpm/action-setup@v6,success,,2026-10-02T09:53:07Z,2026-10-02T09:53:47Z,40.0,
36992151210,1,Full Source Validation,dev-smoke,step,Run actions/setup-node@v7,success,,2026-10-02T09:53:47Z,2026-10-02T09:54:18Z,31.0,
36992151210,1,Full Source Validation,dev-smoke,step,Run pnpm install --frozen-lockfile --filter='!@traderalice/desktop',success,,2026-10-02T09:54:18Z,2026-10-02T09:54:31Z,13.0,
36992151210,1,Full Source Validation,dev-smoke,step,Build Guardian entry package dependencies,success,,2026-10-02T09:54:31Z,2026-10-02T09:54:35Z,4.0,
36992151210,1,Full Source Validation,dev-smoke,step,Exercise Guardian recovery with real child processes,success,,2026-10-02T09:54:35Z,2026-10-02T09:54:59Z,24.0,
36992151210,1,Full Source Validation,dev-smoke,step,Boot the complete development stack,success,,2026-10-02T09:54:59Z,2026-10-02T09:55:24Z,25.0,
36992151210,1,Full Source Validation,dev-smoke,step,Post Run actions/setup-node@v7,success,,2026-10-02T09:55:24Z,2026-10-02T09:55:24Z,0,
36992151210,1,Full Source Validation,dev-smoke,step,Post Run pnpm/action-setup@v6,success,,2026-10-02T09:55:24Z,2026-10-02T09:55:24Z,0,
36992151210,1,Full Source Validation,dev-smoke,step,Post Run actions/checkout@v7,success,,2026-10-02T09:55:24Z,2026-10-02T09:55:26Z,2.0,
36992151210,1,Full Source Validation,dev-smoke,step,Complete job,success,,2026-10-02T09:55:26Z,2026-10-02T09:55:26Z,0,
36992151210,1,Full Source Validation,cross-platform-test,job,,skipped,2026-10-02T09:52:54Z,2026-10-02T09:52:54Z,2026-10-02T09:52:54Z,0,0
36992151210,1,Full Source Validation,hermetic-tests,job,,skipped,2026-10-02T09:52:54Z,2026-10-02T09:52:54Z,2026-10-02T09:52:54Z,0,0
36992151210,1,Full Source Validation,workspace-build,job,,skipped,2026-10-02T09:52:54Z,2026-10-02T09:52:54Z,2026-10-02T09:52:54Z,0,0
36992151278,1,CLI Installer Smoke,release-prep scope,job,,success,2026-10-02T09:51:06Z,2026-10-02T09:51:09Z,2026-10-02T09:51:19Z,10.0,3.0
36992151278,1,CLI Installer Smoke,release-prep scope,step,Set up job,success,,2026-10-02T09:51:10Z,2026-10-02T09:51:11Z,1.0,
36992151278,1,CLI Installer Smoke,release-prep scope,step,Run actions/checkout@v7,success,,2026-10-02T09:51:11Z,2026-10-02T09:51:14Z,3.0,
36992151278,1,CLI Installer Smoke,release-prep scope,step,Run actions/setup-node@v7,success,,2026-10-02T09:51:14Z,2026-10-02T09:51:17Z,3.0,
36992151278,1,CLI Installer Smoke,release-prep scope,step,Detect exact beta release preparation,success,,2026-10-02T09:51:17Z,2026-10-02T09:51:17Z,0,
36992151278,1,CLI Installer Smoke,release-prep scope,step,Post Run actions/setup-node@v7,success,,2026-10-02T09:51:17Z,2026-10-02T09:51:17Z,0,
36992151278,1,CLI Installer Smoke,release-prep scope,step,Post Run actions/checkout@v7,success,,2026-10-02T09:51:17Z,2026-10-02T09:51:17Z,0,
36992151278,1,CLI Installer Smoke,release-prep scope,step,Complete job,success,,2026-10-02T09:51:17Z,2026-10-02T09:51:17Z,0,
36992151278,1,CLI Installer Smoke,Build dev platform-neutral inputs,job,,skipped,2026-10-02T09:51:07Z,2026-10-02T09:51:07Z,2026-10-02T09:51:06Z,0,0
36992151278,1,CLI Installer Smoke,build-dev-broker-packs,job,,skipped,2026-10-02T09:51:07Z,2026-10-02T09:51:07Z,2026-10-02T09:51:06Z,0,0
36992151278,1,CLI Installer Smoke,windows-preview,job,,skipped,2026-10-02T09:51:07Z,2026-10-02T09:51:07Z,2026-10-02T09:51:06Z,0,0
36992151278,1,CLI Installer Smoke,build-dev-cli-windows,job,,skipped,2026-10-02T09:51:07Z,2026-10-02T09:51:07Z,2026-10-02T09:51:06Z,0,0
36992151278,1,CLI Installer Smoke,Build dev native CLI (${{ matrix.platform }}-${{ matrix.arch }}),job,,skipped,2026-10-02T09:51:07Z,2026-10-02T09:51:07Z,2026-10-02T09:51:06Z,0,0
36992151278,1,CLI Installer Smoke,Publish immutable dev CLI candidate,job,,skipped,2026-10-02T09:51:07Z,2026-10-02T09:51:07Z,2026-10-02T09:51:07Z,0,0
36992151278,1,CLI Installer Smoke,Activate current dev CLI channel,job,,skipped,2026-10-02T09:51:07Z,2026-10-02T09:51:07Z,2026-10-02T09:51:07Z,0,0
36992151278,1,CLI Installer Smoke,Live raw dev channel install,job,,skipped,2026-10-02T09:51:07Z,2026-10-02T09:51:07Z,2026-10-02T09:51:07Z,0,0
36992151278,1,CLI Installer Smoke,Current checkout install,job,,success,2026-10-02T09:51:19Z,2026-10-02T09:51:22Z,2026-10-02T09:51:42Z,20.0,3.0
36992151278,1,CLI Installer Smoke,Current checkout install,step,Set up job,success,,2026-10-02T09:51:22Z,2026-10-02T09:51:23Z,1.0,
36992151278,1,CLI Installer Smoke,Current checkout install,step,Run actions/checkout@v7,success,,2026-10-02T09:51:23Z,2026-10-02T09:51:25Z,2.0,
36992151278,1,CLI Installer Smoke,Current checkout install,step,Run actions/setup-node@v7,success,,2026-10-02T09:51:25Z,2026-10-02T09:51:30Z,5.0,
36992151278,1,CLI Installer Smoke,Current checkout install,step,Exercise clean HTTP installer fixture,success,,2026-10-02T09:51:30Z,2026-10-02T09:51:40Z,10.0,
36992151278,1,CLI Installer Smoke,Current checkout install,step,Post Run actions/setup-node@v7,success,,2026-10-02T09:51:40Z,2026-10-02T09:51:40Z,0,
36992151278,1,CLI Installer Smoke,Current checkout install,step,Post Run actions/checkout@v7,success,,2026-10-02T09:51:40Z,2026-10-02T09:51:40Z,0,
36992151278,1,CLI Installer Smoke,Current checkout install,step,Complete job,success,,2026-10-02T09:51:40Z,2026-10-02T09:51:40Z,0,
36992151278,1,CLI Installer Smoke,Bun feasibility (ubuntu-latest),job,,success,2026-10-02T09:51:19Z,2026-10-02T09:51:22Z,2026-10-02T09:55:55Z,273.0,3.0
36992151278,1,CLI Installer Smoke,Bun feasibility (ubuntu-latest),step,Set up job,success,,2026-10-02T09:51:23Z,2026-10-02T09:51:25Z,2.0,
36992151278,1,CLI Installer Smoke,Bun feasibility (ubuntu-latest),step,Run actions/checkout@v7,success,,2026-10-02T09:51:25Z,2026-10-02T09:51:29Z,4.0,
36992151278,1,CLI Installer Smoke,Bun feasibility (ubuntu-latest),step,Run pnpm/action-setup@v6,success,,2026-10-02T09:51:29Z,2026-10-02T09:51:38Z,9.0,
36992151278,1,CLI Installer Smoke,Bun feasibility (ubuntu-latest),step,Run actions/setup-node@v7,success,,2026-10-02T09:51:38Z,2026-10-02T09:51:53Z,15.0,
36992151278,1,CLI Installer Smoke,Bun feasibility (ubuntu-latest),step,Run oven-sh/setup-bun@v2,success,,2026-10-02T09:51:53Z,2026-10-02T09:51:55Z,2.0,
36992151278,1,CLI Installer Smoke,Bun feasibility (ubuntu-latest),step,Run pnpm install --frozen-lockfile --filter='!@traderalice/desktop',success,,2026-10-02T09:51:55Z,2026-10-02T09:52:02Z,7.0,
36992151278,1,CLI Installer Smoke,Bun feasibility (ubuntu-latest),step,Run pnpm build:server,success,,2026-10-02T09:52:02Z,2026-10-02T09:53:44Z,102.0,
36992151278,1,CLI Installer Smoke,Bun feasibility (ubuntu-latest),step,Run pnpm build:bun-cli:feasibility,success,,2026-10-02T09:53:44Z,2026-10-02T09:53:45Z,1.0,
36992151278,1,CLI Installer Smoke,Bun feasibility (ubuntu-latest),step,Run pnpm build:bun-alice:feasibility,success,,2026-10-02T09:53:45Z,2026-10-02T09:53:48Z,3.0,
36992151278,1,CLI Installer Smoke,Bun feasibility (ubuntu-latest),step,Run pnpm build:bun-runtime:feasibility,success,,2026-10-02T09:53:48Z,2026-10-02T09:54:02Z,14.0,
36992151278,1,CLI Installer Smoke,Bun feasibility (ubuntu-latest),step,Run pnpm build:bun:release,success,,2026-10-02T09:54:02Z,2026-10-02T09:54:39Z,37.0,
36992151278,1,CLI Installer Smoke,Bun feasibility (ubuntu-latest),step,Accept npm and Bun installs from the current native candidate,success,,2026-10-02T09:54:39Z,2026-10-02T09:55:51Z,72.0,
36992151278,1,CLI Installer Smoke,Bun feasibility (ubuntu-latest),step,Post Run oven-sh/setup-bun@v2,success,,2026-10-02T09:55:51Z,2026-10-02T09:55:51Z,0,
36992151278,1,CLI Installer Smoke,Bun feasibility (ubuntu-latest),step,Post Run actions/setup-node@v7,success,,2026-10-02T09:55:51Z,2026-10-02T09:55:51Z,0,
36992151278,1,CLI Installer Smoke,Bun feasibility (ubuntu-latest),step,Post Run pnpm/action-setup@v6,success,,2026-10-02T09:55:51Z,2026-10-02T09:55:52Z,1.0,
36992151278,1,CLI Installer Smoke,Bun feasibility (ubuntu-latest),step,Post Run actions/checkout@v7,success,,2026-10-02T09:55:52Z,2026-10-02T09:55:52Z,0,
36992151278,1,CLI Installer Smoke,Bun feasibility (ubuntu-latest),step,Complete job,success,,2026-10-02T09:55:52Z,2026-10-02T09:55:52Z,0,
36992151278,1,CLI Installer Smoke,Current checkout managed remote,job,,success,2026-10-02T09:51:19Z,2026-10-02T09:51:22Z,2026-10-02T09:56:03Z,281.0,3.0
36992151278,1,CLI Installer Smoke,Current checkout managed remote,step,Set up job,success,,2026-10-02T09:51:23Z,2026-10-02T09:51:23Z,0,
36992151278,1,CLI Installer Smoke,Current checkout managed remote,step,Run actions/checkout@v7,success,,2026-10-02T09:51:23Z,2026-10-02T09:51:26Z,3.0,
36992151278,1,CLI Installer Smoke,Current checkout managed remote,step,Run pnpm/action-setup@v6,success,,2026-10-02T09:51:26Z,2026-10-02T09:51:30Z,4.0,
36992151278,1,CLI Installer Smoke,Current checkout managed remote,step,Run actions/setup-node@v7,success,,2026-10-02T09:51:30Z,2026-10-02T09:51:42Z,12.0,
36992151278,1,CLI Installer Smoke,Current checkout managed remote,step,Run pnpm install --frozen-lockfile,success,,2026-10-02T09:51:42Z,2026-10-02T09:51:49Z,7.0,
36992151278,1,CLI Installer Smoke,Current checkout managed remote,step,Build trusted local UI for Web relay,success,,2026-10-02T09:51:49Z,2026-10-02T09:53:01Z,72.0,
36992151278,1,CLI Installer Smoke,Current checkout managed remote,step,Exercise clean SSH host fixture,success,,2026-10-02T09:53:01Z,2026-10-02T09:56:01Z,180.0,
36992151278,1,CLI Installer Smoke,Current checkout managed remote,step,Post Run actions/setup-node@v7,success,,2026-10-02T09:56:01Z,2026-10-02T09:56:01Z,0,
36992151278,1,CLI Installer Smoke,Current checkout managed remote,step,Post Run pnpm/action-setup@v6,success,,2026-10-02T09:56:01Z,2026-10-02T09:56:01Z,0,
36992151278,1,CLI Installer Smoke,Current checkout managed remote,step,Post Run actions/checkout@v7,success,,2026-10-02T09:56:01Z,2026-10-02T09:56:02Z,1.0,
36992151278,1,CLI Installer Smoke,Current checkout managed remote,step,Complete job,success,,2026-10-02T09:56:02Z,2026-10-02T09:56:02Z,0,
36992151278,1,CLI Installer Smoke,Bun feasibility (macos-14),job,,success,2026-10-02T09:51:19Z,2026-10-02T09:51:26Z,2026-10-02T09:54:59Z,213.0,7.0
36992151278,1,CLI Installer Smoke,Bun feasibility (macos-14),step,Set up job,success,,2026-10-02T09:51:26Z,2026-10-02T09:51:28Z,2.0,
36992151278,1,CLI Installer Smoke,Bun feasibility (macos-14),step,Run actions/checkout@v7,success,,2026-10-02T09:51:28Z,2026-10-02T09:51:32Z,4.0,
36992151278,1,CLI Installer Smoke,Bun feasibility (macos-14),step,Run pnpm/action-setup@v6,success,,2026-10-02T09:51:32Z,2026-10-02T09:51:35Z,3.0,
36992151278,1,CLI Installer Smoke,Bun feasibility (macos-14),step,Run actions/setup-node@v7,success,,2026-10-02T09:51:35Z,2026-10-02T09:51:50Z,15.0,
36992151278,1,CLI Installer Smoke,Bun feasibility (macos-14),step,Run oven-sh/setup-bun@v2,success,,2026-10-02T09:51:50Z,2026-10-02T09:51:51Z,1.0,
36992151278,1,CLI Installer Smoke,Bun feasibility (macos-14),step,Run pnpm install --frozen-lockfile --filter='!@traderalice/desktop',success,,2026-10-02T09:51:51Z,2026-10-02T09:52:00Z,9.0,
36992151278,1,CLI Installer Smoke,Bun feasibility (macos-14),step,Run pnpm build:server,success,,2026-10-02T09:52:00Z,2026-10-02T09:53:14Z,74.0,
36992151278,1,CLI Installer Smoke,Bun feasibility (macos-14),step,Run pnpm build:bun-cli:feasibility,success,,2026-10-02T09:53:14Z,2026-10-02T09:53:15Z,1.0,
36992151278,1,CLI Installer Smoke,Bun feasibility (macos-14),step,Run pnpm build:bun-alice:feasibility,success,,2026-10-02T09:53:15Z,2026-10-02T09:53:19Z,4.0,
36992151278,1,CLI Installer Smoke,Bun feasibility (macos-14),step,Run pnpm build:bun-runtime:feasibility,success,,2026-10-02T09:53:19Z,2026-10-02T09:53:32Z,13.0,
36992151278,1,CLI Installer Smoke,Bun feasibility (macos-14),step,Run pnpm build:bun:release,success,,2026-10-02T09:53:32Z,2026-10-02T09:54:03Z,31.0,
36992151278,1,CLI Installer Smoke,Bun feasibility (macos-14),step,Accept npm and Bun installs from the current native candidate,success,,2026-10-02T09:54:03Z,2026-10-02T09:54:55Z,52.0,
36992151278,1,CLI Installer Smoke,Bun feasibility (macos-14),step,Post Run oven-sh/setup-bun@v2,success,,2026-10-02T09:54:55Z,2026-10-02T09:54:56Z,1.0,
36992151278,1,CLI Installer Smoke,Bun feasibility (macos-14),step,Post Run actions/setup-node@v7,success,,2026-10-02T09:54:56Z,2026-10-02T09:54:56Z,0,
36992151278,1,CLI Installer Smoke,Bun feasibility (macos-14),step,Post Run pnpm/action-setup@v6,success,,2026-10-02T09:54:56Z,2026-10-02T09:54:56Z,0,
36992151278,1,CLI Installer Smoke,Bun feasibility (macos-14),step,Post Run actions/checkout@v7,success,,2026-10-02T09:54:56Z,2026-10-02T09:54:56Z,0,
36992151278,1,CLI Installer Smoke,Bun feasibility (macos-14),step,Complete job,success,,2026-10-02T09:54:56Z,2026-10-02T09:54:57Z,1.0,
36993979356,1,Desktop Package Smoke,fast preflight,job,,success,2026-10-02T10:10:19Z,2026-10-02T10:10:21Z,2026-10-02T10:10:32Z,11.0,2.0
36993979356,1,Desktop Package Smoke,fast preflight,step,Set up job,success,,2026-10-02T10:10:22Z,2026-10-02T10:10:23Z,1.0,
36993979356,1,Desktop Package Smoke,fast preflight,step,Run actions/checkout@v7,success,,2026-10-02T10:10:23Z,2026-10-02T10:10:26Z,3.0,
36993979356,1,Desktop Package Smoke,fast preflight,step,Run actions/setup-node@v7,success,,2026-10-02T10:10:26Z,2026-10-02T10:10:30Z,4.0,
36993979356,1,Desktop Package Smoke,fast preflight,step,Detect exact beta release preparation,success,,2026-10-02T10:10:30Z,2026-10-02T10:10:30Z,0,
36993979356,1,Desktop Package Smoke,fast preflight,step,Run pnpm/action-setup@v6,skipped,,2026-10-02T10:10:30Z,2026-10-02T10:10:30Z,0,
36993979356,1,Desktop Package Smoke,fast preflight,step,Run actions/setup-node@v7,skipped,,2026-10-02T10:10:30Z,2026-10-02T10:10:30Z,0,
36993979356,1,Desktop Package Smoke,fast preflight,step,Install dependencies,skipped,,2026-10-02T10:10:30Z,2026-10-02T10:10:30Z,0,
36993979356,1,Desktop Package Smoke,fast preflight,step,Verify CI workflow contracts,skipped,,2026-10-02T10:10:30Z,2026-10-02T10:10:30Z,0,
36993979356,1,Desktop Package Smoke,fast preflight,step,Typecheck root workspace,skipped,,2026-10-02T10:10:30Z,2026-10-02T10:10:30Z,0,
36993979356,1,Desktop Package Smoke,fast preflight,step,Post Run actions/setup-node@v7,success,,2026-10-02T10:10:30Z,2026-10-02T10:10:30Z,0,
36993979356,1,Desktop Package Smoke,fast preflight,step,Post Run actions/checkout@v7,success,,2026-10-02T10:10:30Z,2026-10-02T10:10:30Z,0,
36993979356,1,Desktop Package Smoke,fast preflight,step,Complete job,success,,2026-10-02T10:10:31Z,2026-10-02T10:10:31Z,0,
36993979356,1,Desktop Package Smoke,broker-packs windows-latest,job,,skipped,2026-10-02T10:10:32Z,2026-10-02T10:10:32Z,2026-10-02T10:10:32Z,0,0
36993979356,1,Desktop Package Smoke,package ${{ matrix.os }},job,,skipped,2026-10-02T10:10:32Z,2026-10-02T10:10:32Z,2026-10-02T10:10:32Z,0,0
36993979384,1,Full Source Validation,source-contracts,job,,success,2026-10-02T10:10:19Z,2026-10-02T10:10:22Z,2026-10-02T10:12:45Z,143.0,3.0
36993979384,1,Full Source Validation,source-contracts,step,Set up job,success,,2026-10-02T10:10:23Z,2026-10-02T10:10:24Z,1.0,
36993979384,1,Full Source Validation,source-contracts,step,Run actions/checkout@v7,success,,2026-10-02T10:10:24Z,2026-10-02T10:10:28Z,4.0,
36993979384,1,Full Source Validation,source-contracts,step,Run actions/setup-node@v7,success,,2026-10-02T10:10:28Z,2026-10-02T10:10:28Z,0,
36993979384,1,Full Source Validation,source-contracts,step,Detect exact beta release preparation,success,,2026-10-02T10:10:28Z,2026-10-02T10:10:28Z,0,
36993979384,1,Full Source Validation,source-contracts,step,Run pnpm/action-setup@v6,success,,2026-10-02T10:10:28Z,2026-10-02T10:10:32Z,4.0,
36993979384,1,Full Source Validation,source-contracts,step,Run actions/setup-node@v7,success,,2026-10-02T10:10:32Z,2026-10-02T10:10:33Z,1.0,
36993979384,1,Full Source Validation,source-contracts,step,Run pnpm install --frozen-lockfile,success,,2026-10-02T10:10:33Z,2026-10-02T10:10:56Z,23.0,
36993979384,1,Full Source Validation,source-contracts,step,Verify CI workflow contracts,success,,2026-10-02T10:10:56Z,2026-10-02T10:11:08Z,12.0,
36993979384,1,Full Source Validation,source-contracts,step,Verify required local product and protocol evidence,success,,2026-10-02T10:11:08Z,2026-10-02T10:11:21Z,13.0,
36993979384,1,Full Source Validation,source-contracts,step,Upload required evidence receipt,success,,2026-10-02T10:11:21Z,2026-10-02T10:11:22Z,1.0,
36993979384,1,Full Source Validation,source-contracts,step,Typecheck root workspace,success,,2026-10-02T10:11:22Z,2026-10-02T10:11:39Z,17.0,
36993979384,1,Full Source Validation,source-contracts,step,Typecheck registered suites,success,,2026-10-02T10:11:39Z,2026-10-02T10:12:36Z,57.0,
36993979384,1,Full Source Validation,source-contracts,step,Post Run actions/setup-node@v7,success,,2026-10-02T10:12:36Z,2026-10-02T10:12:43Z,7.0,
36993979384,1,Full Source Validation,source-contracts,step,Post Run pnpm/action-setup@v6,success,,2026-10-02T10:12:43Z,2026-10-02T10:12:43Z,0,
36993979384,1,Full Source Validation,source-contracts,step,Post Run actions/setup-node@v7,success,,2026-10-02T10:12:43Z,2026-10-02T10:12:43Z,0,
36993979384,1,Full Source Validation,source-contracts,step,Post Run actions/checkout@v7,success,,2026-10-02T10:12:43Z,2026-10-02T10:12:43Z,0,
36993979384,1,Full Source Validation,source-contracts,step,Complete job,success,,2026-10-02T10:12:43Z,2026-10-02T10:12:43Z,0,
36993979384,1,Full Source Validation,dev-smoke,job,,skipped,2026-10-02T10:12:46Z,2026-10-02T10:12:46Z,2026-10-02T10:12:45Z,0,0
36993979384,1,Full Source Validation,workspace-build,job,,skipped,2026-10-02T10:12:46Z,2026-10-02T10:12:46Z,2026-10-02T10:12:45Z,0,0
36993979384,1,Full Source Validation,cross-platform-test,job,,skipped,2026-10-02T10:12:46Z,2026-10-02T10:12:46Z,2026-10-02T10:12:45Z,0,0
36993979384,1,Full Source Validation,hermetic-tests,job,,skipped,2026-10-02T10:12:46Z,2026-10-02T10:12:46Z,2026-10-02T10:12:45Z,0,0
36993979569,1,CLI Installer Smoke,release-prep scope,job,,success,2026-10-02T10:10:19Z,2026-10-02T10:10:22Z,2026-10-02T10:10:30Z,8.0,3.0
36993979569,1,CLI Installer Smoke,release-prep scope,step,Set up job,success,,2026-10-02T10:10:22Z,2026-10-02T10:10:23Z,1.0,
36993979569,1,CLI Installer Smoke,release-prep scope,step,Run actions/checkout@v7,success,,2026-10-02T10:10:23Z,2026-10-02T10:10:27Z,4.0,
36993979569,1,CLI Installer Smoke,release-prep scope,step,Run actions/setup-node@v7,success,,2026-10-02T10:10:27Z,2026-10-02T10:10:27Z,0,
36993979569,1,CLI Installer Smoke,release-prep scope,step,Detect exact beta release preparation,success,,2026-10-02T10:10:27Z,2026-10-02T10:10:28Z,1.0,
36993979569,1,CLI Installer Smoke,release-prep scope,step,Post Run actions/setup-node@v7,success,,2026-10-02T10:10:28Z,2026-10-02T10:10:28Z,0,
36993979569,1,CLI Installer Smoke,release-prep scope,step,Post Run actions/checkout@v7,success,,2026-10-02T10:10:28Z,2026-10-02T10:10:28Z,0,
36993979569,1,CLI Installer Smoke,release-prep scope,step,Complete job,success,,2026-10-02T10:10:28Z,2026-10-02T10:10:28Z,0,
36993979569,1,CLI Installer Smoke,windows-preview,job,,skipped,2026-10-02T10:10:19Z,2026-10-02T10:10:19Z,2026-10-02T10:10:19Z,0,0
36993979569,1,CLI Installer Smoke,Build dev platform-neutral inputs,job,,skipped,2026-10-02T10:10:19Z,2026-10-02T10:10:19Z,2026-10-02T10:10:19Z,0,0
36993979569,1,CLI Installer Smoke,build-dev-broker-packs,job,,skipped,2026-10-02T10:10:19Z,2026-10-02T10:10:19Z,2026-10-02T10:10:19Z,0,0
36993979569,1,CLI Installer Smoke,Build dev native CLI (${{ matrix.platform }}-${{ matrix.arch }}),job,,skipped,2026-10-02T10:10:19Z,2026-10-02T10:10:19Z,2026-10-02T10:10:19Z,0,0
36993979569,1,CLI Installer Smoke,build-dev-cli-windows,job,,skipped,2026-10-02T10:10:19Z,2026-10-02T10:10:19Z,2026-10-02T10:10:19Z,0,0
36993979569,1,CLI Installer Smoke,Activate current dev CLI channel,job,,skipped,2026-10-02T10:10:19Z,2026-10-02T10:10:19Z,2026-10-02T10:10:19Z,0,0
36993979569,1,CLI Installer Smoke,Publish immutable dev CLI candidate,job,,skipped,2026-10-02T10:10:19Z,2026-10-02T10:10:19Z,2026-10-02T10:10:19Z,0,0
36993979569,1,CLI Installer Smoke,Live raw dev channel install,job,,skipped,2026-10-02T10:10:20Z,2026-10-02T10:10:20Z,2026-10-02T10:10:19Z,0,0
36993979569,1,CLI Installer Smoke,Current checkout install,job,,skipped,2026-10-02T10:10:31Z,2026-10-02T10:10:31Z,2026-10-02T10:10:30Z,0,0
36993979569,1,CLI Installer Smoke,Bun feasibility (${{ matrix.os }}),job,,skipped,2026-10-02T10:10:31Z,2026-10-02T10:10:31Z,2026-10-02T10:10:30Z,0,0
36993979569,1,CLI Installer Smoke,Current checkout managed remote,job,,skipped,2026-10-02T10:10:31Z,2026-10-02T10:10:31Z,2026-10-02T10:10:30Z,0,0
